Scenario,Expected_Outcome,Method,False_Alarm_Rate,ROC_AUC,Detection_Rate
6A_Transient_Shock,No Collapse (False Positive Test),AR(1),1.0,,
6A_Transient_Shock,No Collapse (False Positive Test),Variance,1.0,,
6A_Transient_Shock,No Collapse (False Positive Test),PermutationEntropy,1.0,,
6A_Transient_Shock,No Collapse (False Positive Test),CEWF-Linear,1.0,,
6A_Transient_Shock,No Collapse (False Positive Test),CEWF-Rank,1.0,,
6A_Transient_Shock,No Collapse (False Positive Test),CEWF-Mahalanobis,1.0,,
6A_Transient_Shock,No Collapse (False Positive Test),CEWF-BOCPD,1.0,,
6B_Benign_Drift,No Collapse (False Positive Test),AR(1),1.0,,
6B_Benign_Drift,No Collapse (False Positive Test),Variance,0.0,,
6B_Benign_Drift,No Collapse (False Positive Test),PermutationEntropy,1.0,,
6B_Benign_Drift,No Collapse (False Positive Test),CEWF-Linear,1.0,,
6B_Benign_Drift,No Collapse (False Positive Test),CEWF-Rank,1.0,,
6B_Benign_Drift,No Collapse (False Positive Test),CEWF-Mahalanobis,1.0,,
6B_Benign_Drift,No Collapse (False Positive Test),CEWF-BOCPD,1.0,,
6C_Pure_N_Tipping,Abrupt Collapse (Detection Failure Test),AR(1),,,0.0
6C_Pure_N_Tipping,Abrupt Collapse (Detection Failure Test),Variance,,,0.0
6C_Pure_N_Tipping,Abrupt Collapse (Detection Failure Test),PermutationEntropy,,,0.0
6C_Pure_N_Tipping,Abrupt Collapse (Detection Failure Test),CEWF-Linear,,,0.0
6C_Pure_N_Tipping,Abrupt Collapse (Detection Failure Test),CEWF-Rank,,,0.0
6C_Pure_N_Tipping,Abrupt Collapse (Detection Failure Test),CEWF-Mahalanobis,,,0.0
6C_Pure_N_Tipping,Abrupt Collapse (Detection Failure Test),CEWF-BOCPD,,,0.0
6D_Fast_R_Tipping,Abrupt Collapse (Detection Failure Test),AR(1),,,0.0
6D_Fast_R_Tipping,Abrupt Collapse (Detection Failure Test),Variance,,,0.0
6D_Fast_R_Tipping,Abrupt Collapse (Detection Failure Test),PermutationEntropy,,,0.0
6D_Fast_R_Tipping,Abrupt Collapse (Detection Failure Test),CEWF-Linear,,,0.0
6D_Fast_R_Tipping,Abrupt Collapse (Detection Failure Test),CEWF-Rank,,,0.0
6D_Fast_R_Tipping,Abrupt Collapse (Detection Failure Test),CEWF-Mahalanobis,,,0.0
6D_Fast_R_Tipping,Abrupt Collapse (Detection Failure Test),CEWF-BOCPD,,,0.0
