Category,Parameter,Method,ROC_AUC
Downsampling,Skip_1x,AR(1),0.8073808421052631
Downsampling,Skip_1x,Variance,0.9891155488721805
Downsampling,Skip_1x,CEWF-Rank,0.6273824461152883
Downsampling,Skip_1x,CEWF-Mahalanobis,0.9527271679197996
Downsampling,Skip_2x,AR(1),0.8024108140703518
Downsampling,Skip_2x,Variance,0.9890494472361809
Downsampling,Skip_2x,CEWF-Rank,0.6474882412060301
Downsampling,Skip_2x,CEWF-Mahalanobis,0.9583462512562814
Downsampling,Skip_5x,AR(1),0.8072341772151899
Downsampling,Skip_5x,Variance,0.9885845569620253
Downsampling,Skip_5x,CEWF-Rank,0.7549137974683544
Downsampling,Skip_5x,CEWF-Mahalanobis,0.9517584810126583
Downsampling,Skip_10x,AR(1),0.7458553846153846
Downsampling,Skip_10x,Variance,0.9996123076923077
Downsampling,Skip_10x,CEWF-Rank,0.9115896774193548
Downsampling,Skip_10x,CEWF-Mahalanobis,0.9705415384615386
Distractors,D_0,AR(1),0.8195388972431078
Distractors,D_0,Variance,0.9882555588972429
Distractors,D_0,PCA1_Variance,0.9882555588972429
Distractors,D_0,CEWF-Rank,0.6228303959899749
Distractors,D_0,CEWF-Mahalanobis,0.9539556290726817
Distractors,D_2,AR(1),0.8195388972431078
Distractors,D_2,Variance,0.9882555588972429
Distractors,D_2,PCA1_Variance,0.5758904661654136
Distractors,D_2,CEWF-Rank,0.5839045012531328
Distractors,D_2,CEWF-Mahalanobis,0.9500989373433584
Distractors,D_5,AR(1),0.8195388972431078
Distractors,D_5,Variance,0.9882555588972429
Distractors,D_5,PCA1_Variance,0.5577768020050126
Distractors,D_5,CEWF-Rank,0.5773635338345864
Distractors,D_5,CEWF-Mahalanobis,0.9503123709273182
Distractors,D_10,AR(1),0.8195388972431078
Distractors,D_10,Variance,0.9882555588972429
Distractors,D_10,PCA1_Variance,0.533486887218045
Distractors,D_10,CEWF-Rank,0.5798049523809523
Distractors,D_10,CEWF-Mahalanobis,0.9482389072681704
Distractors,D_20,AR(1),0.8195388972431078
Distractors,D_20,Variance,0.9882555588972429
Distractors,D_20,PCA1_Variance,0.5425473483709273
Distractors,D_20,CEWF-Rank,0.5778834837092732
Distractors,D_20,CEWF-Mahalanobis,0.9464809824561403
