Level,Noise_Regime,Method,ROC_AUC,PR_AUC
Level 2 (Noise),Gaussian_SNR20dB,AR(1),0.8376794887218045,0.869536506060486
Level 2 (Noise),Gaussian_SNR20dB,Variance,0.8425388170426065,0.8740271143863909
Level 2 (Noise),Gaussian_SNR20dB,PermutationEntropy,0.4653992380952381,0.47894997995920435
Level 2 (Noise),Gaussian_SNR20dB,CEWF-Linear,0.8426022556390977,0.8740791436738595
Level 2 (Noise),Gaussian_SNR20dB,CEWF-Rank,0.5909402907268171,0.6320941530205325
Level 2 (Noise),Gaussian_SNR20dB,CEWF-Mahalanobis,0.2076376140350877,0.34786641709627875
Level 2 (Noise),Gaussian_SNR10dB,AR(1),0.6703351478696742,0.7060723018161584
Level 2 (Noise),Gaussian_SNR10dB,Variance,0.6228835889724311,0.6440404037477381
Level 2 (Noise),Gaussian_SNR10dB,PermutationEntropy,0.5153706666666666,0.5067918349699505
Level 2 (Noise),Gaussian_SNR10dB,CEWF-Linear,0.6229032380952382,0.6440663467640231
Level 2 (Noise),Gaussian_SNR10dB,CEWF-Rank,0.5321790626566416,0.5510686336933066
Level 2 (Noise),Gaussian_SNR10dB,CEWF-Mahalanobis,0.5854855438596491,0.6107963344117757
Level 2 (Noise),Gaussian_SNR5dB,AR(1),0.5672698746867167,0.5769005975025574
Level 2 (Noise),Gaussian_SNR5dB,Variance,0.5536553984962406,0.5705442775994525
Level 2 (Noise),Gaussian_SNR5dB,PermutationEntropy,0.49171568922305775,0.5032770078999084
Level 2 (Noise),Gaussian_SNR5dB,CEWF-Linear,0.553645694235589,0.570541927597968
Level 2 (Noise),Gaussian_SNR5dB,CEWF-Rank,0.5014350125313283,0.5147060683620994
Level 2 (Noise),Gaussian_SNR5dB,CEWF-Mahalanobis,0.552802977443609,0.569820036291733
Level 2 (Noise),Gaussian_SNR0dB,AR(1),0.5249344862155388,0.5327678488451757
Level 2 (Noise),Gaussian_SNR0dB,Variance,0.5317074185463659,0.536096729883331
Level 2 (Noise),Gaussian_SNR0dB,PermutationEntropy,0.5224840551378447,0.5164718507977817
Level 2 (Noise),Gaussian_SNR0dB,CEWF-Linear,0.5317149273182957,0.536122800728881
Level 2 (Noise),Gaussian_SNR0dB,CEWF-Rank,0.500886290726817,0.5007892417577012
Level 2 (Noise),Gaussian_SNR0dB,CEWF-Mahalanobis,0.5317029774436091,0.53612809506238
Level 2 (Noise),Student_t_nu3,AR(1),0.8649022656641605,0.8908606410367919
Level 2 (Noise),Student_t_nu3,Variance,0.7690248020050124,0.7658535751091571
Level 2 (Noise),Student_t_nu3,PermutationEntropy,0.42922777944862156,0.46011152411633105
Level 2 (Noise),Student_t_nu3,CEWF-Linear,0.8259062055137846,0.8421780325741364
Level 2 (Noise),Student_t_nu3,CEWF-Rank,0.5851242205513785,0.6200941364433346
Level 2 (Noise),Student_t_nu3,CEWF-Mahalanobis,0.8084844711779449,0.8476052167834449
Level 2 (Noise),Colored_Red_Noise,AR(1),0.774084471177945,0.7109796022331127
Level 2 (Noise),Colored_Red_Noise,Variance,0.8977545162907268,0.918834275840946
Level 2 (Noise),Colored_Red_Noise,PermutationEntropy,0.1845300350877193,0.3441573556550567
Level 2 (Noise),Colored_Red_Noise,CEWF-Linear,0.8841138145363409,0.9103934538118555
Level 2 (Noise),Colored_Red_Noise,CEWF-Rank,0.5903156441102757,0.5711456947286551
Level 2 (Noise),Colored_Red_Noise,CEWF-Mahalanobis,0.759901313283208,0.802672921713387
