System,Indicator,Transform,ROC_AUC,PR_AUC,Is_Multivariate
SYS4_Stommel_AMOC,Variance,raw,0.5,0.75,False
SYS4_Stommel_AMOC,AR(1),raw,0.5,0.5833333333333333,False
SYS4_Stommel_AMOC,PermutationEntropy,raw,0.25,0.5,False
SYS4_Stommel_AMOC,SpectralReddening,raw,0.5,0.5833333333333333,False
SYS4_Stommel_AMOC,MahalanobisDist_2D,raw,1.0,1.0,True
SYS4_Stommel_AMOC,PCA1_Variance_2D,raw,0.5,0.5833333333333333,True
SYS4_Stommel_AMOC,Variance,log_transform,0.0,0.41666666666666663,False
SYS4_Stommel_AMOC,AR(1),log_transform,0.5,0.75,False
SYS4_Stommel_AMOC,PermutationEntropy,log_transform,0.25,0.5,False
SYS4_Stommel_AMOC,SpectralReddening,log_transform,0.0,0.41666666666666663,False
SYS4_Stommel_AMOC,MahalanobisDist_2D,log_transform,0.0,0.41666666666666663,True
SYS4_Stommel_AMOC,PCA1_Variance_2D,log_transform,0.0,0.41666666666666663,True
SYS4_Stommel_AMOC,Variance,first_difference,0.5,0.5833333333333333,False
SYS4_Stommel_AMOC,AR(1),first_difference,0.0,0.41666666666666663,False
SYS4_Stommel_AMOC,PermutationEntropy,first_difference,0.5,0.5,False
SYS4_Stommel_AMOC,SpectralReddening,first_difference,0.25,0.5,False
SYS4_Stommel_AMOC,MahalanobisDist_2D,first_difference,0.0,0.41666666666666663,True
SYS4_Stommel_AMOC,PCA1_Variance_2D,first_difference,0.5,0.5833333333333333,True
SYS4_Stommel_AMOC,Variance,local_detrend,0.75,0.8333333333333333,False
SYS4_Stommel_AMOC,AR(1),local_detrend,0.0,0.41666666666666663,False
SYS4_Stommel_AMOC,PermutationEntropy,local_detrend,0.375,0.5,False
SYS4_Stommel_AMOC,SpectralReddening,local_detrend,0.25,0.5,False
SYS4_Stommel_AMOC,MahalanobisDist_2D,local_detrend,0.25,0.5,True
SYS4_Stommel_AMOC,PCA1_Variance_2D,local_detrend,0.0,0.41666666666666663,True
SYS4_Stommel_AMOC,Variance,linearizing_reparam,1.0,1.0,False
SYS4_Stommel_AMOC,AR(1),linearizing_reparam,0.5,0.5833333333333333,False
SYS4_Stommel_AMOC,PermutationEntropy,linearizing_reparam,0.25,0.5,False
SYS4_Stommel_AMOC,SpectralReddening,linearizing_reparam,0.5,0.5833333333333333,False
SYS4_Stommel_AMOC,MahalanobisDist_2D,linearizing_reparam,1.0,1.0,True
SYS4_Stommel_AMOC,PCA1_Variance_2D,linearizing_reparam,0.5,0.5833333333333333,True
SYS4_Stommel_AMOC,Variance(q=T-S),physical_circulation_coordinate,0.5,0.5833333333333333,False
