System,Method,FAR_Operating_Point,Threshold,Detection_Rate,Lead_Time_Mean,Lead_Time_Std,Lead_Time_Median,Lead_Time_IQR
SYS1_May_Fold,Variance,0.01,0.0025626879117601276,1.0,38.85800000001416,13.167979343846765,34.72000000001691,13.69000000000004
SYS1_May_Fold,Variance,0.05,0.0017002467295499245,1.0,64.65400000001186,8.944835828565703,67.36000000001108,16.56999999999931
SYS1_May_Fold,Variance,0.1,0.001680401511703637,1.0,64.65400000001186,8.944835828565703,67.36000000001108,16.56999999999931
SYS1_May_Fold,AR(1),0.01,0.9800734171628557,0.0,0.0,0.0,0.0,0.0
SYS1_May_Fold,AR(1),0.05,0.9744624931674376,0.0,0.0,0.0,0.0,0.0
SYS1_May_Fold,AR(1),0.1,0.9735191852552051,0.0,0.0,0.0,0.0,0.0
SYS1_May_Fold,CEWF-Mahalanobis,0.01,5.644847282079486,0.0,0.0,0.0,0.0,0.0
SYS1_May_Fold,CEWF-Mahalanobis,0.05,5.562519180521246,0.0,0.0,0.0,0.0,0.0
SYS1_May_Fold,CEWF-Mahalanobis,0.1,4.83702018608224,0.0,0.0,0.0,0.0,0.0
SYS1_May_Fold,AEWIF,0.01,3.945342023142759,0.0,0.0,0.0,0.0,0.0
SYS1_May_Fold,AEWIF,0.05,3.773487899865798,0.04,0.5736000000002934,2.810054632922299,0.0,0.0
SYS1_May_Fold,AEWIF,0.1,3.3636968711623085,0.56,23.714800000006964,25.837536124024577,14.980000000007664,43.09000000001483
SYS2_FitzHughNagumo_Hopf,Variance,0.01,0.003201234407925295,1.0,29.354800000011473,26.754528457074294,26.200000000013404,26.070000000013337
SYS2_FitzHughNagumo_Hopf,Variance,0.05,0.0029719267592882093,1.0,31.74680000001212,26.492447334294784,26.900000000013762,33.710000000017246
SYS2_FitzHughNagumo_Hopf,Variance,0.1,0.0027275356370981612,1.0,36.44280000001355,26.67222758151936,29.830000000005455,41.83000000002069
SYS2_FitzHughNagumo_Hopf,AR(1),0.01,0.9777457025584239,0.04,0.31960000000016353,1.5657138435878084,0.0,0.0
SYS2_FitzHughNagumo_Hopf,AR(1),0.05,0.9753026936783616,0.04,0.31960000000016353,1.5657138435878084,0.0,0.0
SYS2_FitzHughNagumo_Hopf,AR(1),0.1,0.9749331829336961,0.04,0.31960000000016353,1.5657138435878084,0.0,0.0
SYS2_FitzHughNagumo_Hopf,CEWF-Mahalanobis,0.01,6.201363811103023,0.0,0.0,0.0,0.0,0.0
SYS2_FitzHughNagumo_Hopf,CEWF-Mahalanobis,0.05,5.5406662370997,0.08,5.022000000000728,17.51036401677883,0.0,0.0
SYS2_FitzHughNagumo_Hopf,CEWF-Mahalanobis,0.1,4.937212569545846,0.12,6.885600000001677,19.268596436693965,0.0,0.0
SYS2_FitzHughNagumo_Hopf,AEWIF,0.01,3.44705336017074,0.24,12.9700000000038,25.76088616488885,0.0,0.0
SYS2_FitzHughNagumo_Hopf,AEWIF,0.05,3.422880384866419,0.24,12.9700000000038,25.76088616488885,0.0,0.0
SYS2_FitzHughNagumo_Hopf,AEWIF,0.1,3.3104562929308066,0.36,20.046000000005517,30.287513070578253,0.0,31.750000000016243
SYS3_Subcritical_Pitchfork,Variance,0.01,0.0026788281326387787,0.12,0.7964000000004074,1.8609199445445106,0.0,0.6100000000003121
SYS3_Subcritical_Pitchfork,Variance,0.05,0.0017470165319733663,0.32,3.0284000000015494,5.6388074483912405,0.0,3.210000000001642
SYS3_Subcritical_Pitchfork,Variance,0.1,0.001746631337524258,0.32,3.0284000000015494,5.6388074483912405,0.0,3.210000000001642
SYS3_Subcritical_Pitchfork,AR(1),0.01,0.9799363496025901,0.0,0.0,0.0,0.0,0.0
SYS3_Subcritical_Pitchfork,AR(1),0.05,0.9748860718279966,0.0,0.0,0.0,0.0,0.0
SYS3_Subcritical_Pitchfork,AR(1),0.1,0.9735555031021287,0.0,0.0,0.0,0.0,0.0
SYS3_Subcritical_Pitchfork,CEWF-Mahalanobis,0.01,5.767316274606317,0.0,0.0,0.0,0.0,0.0
SYS3_Subcritical_Pitchfork,CEWF-Mahalanobis,0.05,5.346939628059379,0.0,0.0,0.0,0.0,0.0
SYS3_Subcritical_Pitchfork,CEWF-Mahalanobis,0.1,4.854036511556407,0.0,0.0,0.0,0.0,0.0
SYS3_Subcritical_Pitchfork,AEWIF,0.01,3.8790941171923237,0.0,0.0,0.0,0.0,0.0
SYS3_Subcritical_Pitchfork,AEWIF,0.05,3.8545219706752665,0.0,0.0,0.0,0.0,0.0
SYS3_Subcritical_Pitchfork,AEWIF,0.1,3.418692427736853,0.16,4.03240000000124,12.020807054439434,0.0,0.0
SYS4_Stommel_AMOC,Variance,0.01,0.0014968593255447,0.0,0.0,0.0,0.0,0.0
SYS4_Stommel_AMOC,Variance,0.05,0.0009118647658650447,0.0,0.0,0.0,0.0,0.0
SYS4_Stommel_AMOC,Variance,0.1,0.0008907556917834584,0.0,0.0,0.0,0.0,0.0
SYS4_Stommel_AMOC,AR(1),0.01,0.9700599127144074,0.0,0.0,0.0,0.0,0.0
SYS4_Stommel_AMOC,AR(1),0.05,0.9658444674081271,0.0,0.0,0.0,0.0,0.0
SYS4_Stommel_AMOC,AR(1),0.1,0.9649839649422325,0.0,0.0,0.0,0.0,0.0
SYS4_Stommel_AMOC,CEWF-Mahalanobis,0.01,5.214211735070586,0.0,0.0,0.0,0.0,0.0
SYS4_Stommel_AMOC,CEWF-Mahalanobis,0.05,4.862208647378412,0.0,0.0,0.0,0.0,0.0
SYS4_Stommel_AMOC,CEWF-Mahalanobis,0.1,4.715412945688572,0.04,0.48919999999990266,2.3965807643385846,0.0,0.0
SYS4_Stommel_AMOC,AEWIF,0.01,3.5699019527934195,0.0,0.0,0.0,0.0,0.0
SYS4_Stommel_AMOC,AEWIF,0.05,3.216411499538874,0.0,0.0,0.0,0.0,0.0
SYS4_Stommel_AMOC,AEWIF,0.1,2.960633617801538,0.0,0.0,0.0,0.0,0.0
SYS5_Coupled_Network,Variance,0.01,0.0013015261156656282,1.0,70.4964000000102,2.0128862461652584,70.99000000001024,2.290000000000319
SYS5_Coupled_Network,Variance,0.05,0.0012109275096385014,1.0,70.81240000001024,2.114883032226936,71.30000000001033,2.840000000000458
SYS5_Coupled_Network,Variance,0.1,0.0012070280504334911,1.0,70.81240000001024,2.114883032226936,71.30000000001033,2.840000000000458
SYS5_Coupled_Network,AR(1),0.01,0.9730691753512947,0.08,5.288400000000781,18.01840962571602,0.0,0.0
SYS5_Coupled_Network,AR(1),0.05,0.9717409802771148,0.12,7.699200000001144,20.944008579069344,0.0,0.0
SYS5_Coupled_Network,AR(1),0.1,0.9696518131219224,0.16,9.497200000001634,22.103223026521736,0.0,0.0
SYS5_Coupled_Network,CEWF-Mahalanobis,0.01,6.288298089451376,0.0,0.19240000000009844,0.16073033316716057,0.16000000000008185,0.21000000000010743
SYS5_Coupled_Network,CEWF-Mahalanobis,0.05,5.045142825279701,0.0,0.6524000000003337,0.17938294233296798,0.6600000000003376,0.29000000000014836
SYS5_Coupled_Network,CEWF-Mahalanobis,0.1,4.789455172553106,0.0,0.7644000000003911,0.21627907896985288,0.8300000000004246,0.260000000000133
SYS5_Coupled_Network,AEWIF,0.01,3.038638390718819,0.0,0.0,0.0,0.0,0.0
SYS5_Coupled_Network,AEWIF,0.05,2.7850667963813165,0.0,0.0,0.0,0.0,0.0
SYS5_Coupled_Network,AEWIF,0.1,2.7465269218348833,0.0,0.0,0.0,0.0,0.0
