Source_System,Target_System,Method,ZeroShot_ROC_AUC
SYS1_May_Fold,SYS2_FitzHughNagumo_Hopf,AR(1),0.7015378566175919
SYS1_May_Fold,SYS2_FitzHughNagumo_Hopf,Variance,0.7842149285389122
SYS1_May_Fold,SYS2_FitzHughNagumo_Hopf,PermutationEntropy,0.251433043687062
SYS1_May_Fold,SYS2_FitzHughNagumo_Hopf,CEWF-Linear,0.7725266659663129
SYS1_May_Fold,SYS2_FitzHughNagumo_Hopf,CEWF-Rank,0.577816547356415
SYS1_May_Fold,SYS2_FitzHughNagumo_Hopf,CEWF-Mahalanobis,0.697484489667282
SYS1_May_Fold,SYS3_Subcritical_Pitchfork,AR(1),0.6430805938862686
SYS1_May_Fold,SYS3_Subcritical_Pitchfork,Variance,0.735947258606861
SYS1_May_Fold,SYS3_Subcritical_Pitchfork,PermutationEntropy,0.28104978892044313
SYS1_May_Fold,SYS3_Subcritical_Pitchfork,CEWF-Linear,0.6743562664286895
SYS1_May_Fold,SYS3_Subcritical_Pitchfork,CEWF-Rank,0.5489616651167575
SYS1_May_Fold,SYS3_Subcritical_Pitchfork,CEWF-Mahalanobis,0.5761938470691426
SYS1_May_Fold,SYS4_Stommel_AMOC,AR(1),0.5183205595034969
SYS1_May_Fold,SYS4_Stommel_AMOC,Variance,0.5206930643316521
SYS1_May_Fold,SYS4_Stommel_AMOC,PermutationEntropy,0.4757633085206783
SYS1_May_Fold,SYS4_Stommel_AMOC,CEWF-Linear,0.5138107513171957
SYS1_May_Fold,SYS4_Stommel_AMOC,CEWF-Rank,0.49151341195882475
SYS1_May_Fold,SYS4_Stommel_AMOC,CEWF-Mahalanobis,0.46675025718910745
SYS1_May_Fold,SYS5_Coupled_Network,AR(1),0.7791280878449369
SYS1_May_Fold,SYS5_Coupled_Network,Variance,0.9959884432471232
SYS1_May_Fold,SYS5_Coupled_Network,PermutationEntropy,0.009189800945343185
SYS1_May_Fold,SYS5_Coupled_Network,CEWF-Linear,1.0
SYS1_May_Fold,SYS5_Coupled_Network,CEWF-Rank,0.7301143411754871
SYS1_May_Fold,SYS5_Coupled_Network,CEWF-Mahalanobis,0.9925683491733127
