Level,System,Method,Type,ROC_AUC,PR_AUC,Detection_Rate,Median_Lead_Time,IQR_Lead_Time,False_Alarm_Rate_Null
Level 1 (Clean),SYS1_May_Fold,Variance,Univariate/Multivariate,0.997077227053956,0.9874976291906903,1.0,92.00000000001292,3.8000000000000256,1.0
Level 1 (Clean),SYS1_May_Fold,AR(1),Univariate/Multivariate,0.8996609842407868,0.4141563224810571,1.0,92.32000000001275,3.7299999999995634,1.0
Level 1 (Clean),SYS1_May_Fold,Skewness,Univariate/Multivariate,0.41533024494714943,0.1039426541404041,1.0,91.18000000001314,4.949999999999449,1.0
Level 1 (Clean),SYS1_May_Fold,Kurtosis,Univariate/Multivariate,0.2136603670752957,0.08080161111482147,1.0,91.88000000001264,4.130000000000081,1.0
Level 1 (Clean),SYS1_May_Fold,PermutationEntropy,Univariate/Multivariate,0.015925375941292515,0.07111676974397521,0.88,88.2500000000129,18.88250000000123,1.0
Level 1 (Clean),SYS1_May_Fold,SpectralReddening,Univariate/Multivariate,0.6343871362446555,0.3168584251395552,1.0,88.35000000001243,9.710000000000392,1.0
Level 1 (Clean),SYS1_May_Fold,RecoveryRate,Univariate/Multivariate,0.10033901575921335,0.07482903105815171,0.88,83.59000000001299,16.175000000000935,1.0
Level 1 (Clean),SYS1_May_Fold,PCA1_Variance,Univariate/Multivariate,0.997077227053956,0.9874976291906903,1.0,92.00000000001292,3.8000000000000256,1.0
Level 1 (Clean),SYS1_May_Fold,GeneralizedVariance,Univariate/Multivariate,0.997077227053956,0.9874976291906903,1.0,92.00000000001292,3.8000000000000256,1.0
Level 1 (Clean),SYS1_May_Fold,MahalanobisDist,Univariate/Multivariate,1.0,1.0,1.0,92.47000000001304,1.4300000000001916,0.92
Level 1 (Clean),SYS1_May_Fold,DNB_Index,Univariate/Multivariate,,,0.0,,,0.0
Level 1 (Clean),SYS1_May_Fold,CEWF-Linear,Composite,0.9959929839644438,0.9858939647879654,1.0,90.79000000001261,3.279999999999646,1.0
Level 1 (Clean),SYS1_May_Fold,CEWF-Rank,Composite,0.6518797655692278,0.19324613935852086,1.0,86.7900000000127,7.029999999999973,1.0
Level 1 (Clean),SYS1_May_Fold,CEWF-Mahalanobis,Composite,0.9638091899319122,0.8965998560162822,1.0,87.99000000001215,9.489999999999313,1.0
Level 1 (Clean),SYS1_May_Fold,CEWF-ElasticNet,Composite,0.6077765139361189,0.2540880741111148,1.0,2.8700000000014683,0.5100000000002609,1.0
Level 1 (Clean),SYS1_May_Fold,CEWF-BOCPD,Composite,0.947668572919945,0.7386923355629617,1.0,94.34000000001262,0.7100000000003632,1.0
Level 1 (Clean),SYS2_FitzHughNagumo_Hopf,Variance,Univariate/Multivariate,0.7776043297065283,0.5358091191001252,1.0,93.32000000001955,16.9700000000078,1.0
Level 1 (Clean),SYS2_FitzHughNagumo_Hopf,AR(1),Univariate/Multivariate,0.6965981782790975,0.19618245145362223,1.0,95.86000000001584,23.590000000009724,1.0
Level 1 (Clean),SYS2_FitzHughNagumo_Hopf,Skewness,Univariate/Multivariate,0.5582199428528649,0.13278621007292085,1.0,98.86000000001579,16.300000000005568,1.0
Level 1 (Clean),SYS2_FitzHughNagumo_Hopf,Kurtosis,Univariate/Multivariate,0.4196035211619085,0.0949189496292715,1.0,100.79000000001635,17.1000000000095,1.0
Level 1 (Clean),SYS2_FitzHughNagumo_Hopf,PermutationEntropy,Univariate/Multivariate,0.27966858654422044,0.07381740874329,1.0,98.35000000001766,14.060000000004536,1.0
Level 1 (Clean),SYS2_FitzHughNagumo_Hopf,SpectralReddening,Univariate/Multivariate,0.6292419008285086,0.24240178918219057,1.0,98.99000000001638,15.530000000006552,1.0
Level 1 (Clean),SYS2_FitzHughNagumo_Hopf,RecoveryRate,Univariate/Multivariate,0.30340182172090235,0.07426528194717165,1.0,96.25000000001604,32.080000000001775,1.0
Level 1 (Clean),SYS2_FitzHughNagumo_Hopf,PCA1_Variance,Univariate/Multivariate,0.7441247641744859,0.4826607501454832,1.0,93.48000000002169,19.380000000001218,1.0
Level 1 (Clean),SYS2_FitzHughNagumo_Hopf,GeneralizedVariance,Univariate/Multivariate,0.7487170193651427,0.4675789712018744,1.0,93.75000000001594,17.80000000000787,1.0
Level 1 (Clean),SYS2_FitzHughNagumo_Hopf,MahalanobisDist,Univariate/Multivariate,0.9999803353962867,0.9998428969117341,1.0,87.39000000001651,21.840000000005617,0.88
Level 1 (Clean),SYS2_FitzHughNagumo_Hopf,DNB_Index,Univariate/Multivariate,0.6623407479037732,0.34501856062414515,1.0,90.15000000001778,23.330000000003352,1.0
Level 1 (Clean),SYS2_FitzHughNagumo_Hopf,CEWF-Linear,Composite,0.7460536172389698,0.511414751473599,1.0,94.95000000001772,21.020000000006817,1.0
Level 1 (Clean),SYS2_FitzHughNagumo_Hopf,CEWF-Rank,Composite,0.5944862728338989,0.15308746252546895,1.0,96.64000000001816,18.60000000000717,1.0
Level 1 (Clean),SYS2_FitzHughNagumo_Hopf,CEWF-Mahalanobis,Composite,0.6545560066879617,0.36323438727552565,1.0,99.72000000001952,13.330000000004802,1.0
Level 1 (Clean),SYS2_FitzHughNagumo_Hopf,CEWF-ElasticNet,Composite,0.5578588977340787,0.18543845679118487,1.0,2.1900000000011204,1.2700000000006497,1.0
Level 1 (Clean),SYS2_FitzHughNagumo_Hopf,CEWF-BOCPD,Composite,0.7650153885506089,0.4684341679562777,1.0,104.840000000018,14.710000000007526,1.0
Level 1 (Clean),SYS3_Subcritical_Pitchfork,Variance,Univariate/Multivariate,0.6792537073521636,0.32444213564389335,1.0,73.36000000001204,10.754999999999242,1.0
Level 1 (Clean),SYS3_Subcritical_Pitchfork,AR(1),Univariate/Multivariate,0.619806808205967,0.12249026782035813,1.0,80.15000000001228,10.545000000000385,1.0
Level 1 (Clean),SYS3_Subcritical_Pitchfork,Skewness,Univariate/Multivariate,0.4928117473265804,0.08167336941798828,1.0,87.11000000000966,5.2049999999999415,1.0
Level 1 (Clean),SYS3_Subcritical_Pitchfork,Kurtosis,Univariate/Multivariate,0.4487645431315269,0.07297749578728904,1.0,89.55000000001209,10.735000000001236,1.0
Level 1 (Clean),SYS3_Subcritical_Pitchfork,PermutationEntropy,Univariate/Multivariate,0.379679448398387,0.06155673774813015,1.0,86.35000000001216,9.28000000000155,1.0
Level 1 (Clean),SYS3_Subcritical_Pitchfork,SpectralReddening,Univariate/Multivariate,0.5544509923086229,0.10596975946931506,1.0,83.15000000001223,5.540000000002621,1.0
Level 1 (Clean),SYS3_Subcritical_Pitchfork,RecoveryRate,Univariate/Multivariate,0.380193191794033,0.0636943351021155,1.0,89.1500000000121,7.330000000001348,1.0
Level 1 (Clean),SYS3_Subcritical_Pitchfork,PCA1_Variance,Univariate/Multivariate,0.6792537073521636,0.32444213564389335,1.0,73.36000000001204,10.754999999999242,1.0
Level 1 (Clean),SYS3_Subcritical_Pitchfork,GeneralizedVariance,Univariate/Multivariate,0.6792537073521636,0.32444213564389335,1.0,73.36000000001204,10.754999999999242,1.0
Level 1 (Clean),SYS3_Subcritical_Pitchfork,MahalanobisDist,Univariate/Multivariate,0.902841244944286,0.7850335099748323,1.0,75.55000000001166,25.685000000002347,0.88
Level 1 (Clean),SYS3_Subcritical_Pitchfork,DNB_Index,Univariate/Multivariate,,,0.0,,,0.0
Level 1 (Clean),SYS3_Subcritical_Pitchfork,CEWF-Linear,Composite,0.658635914368302,0.3114057777462583,1.0,73.76000000001217,8.959999999999383,1.0
Level 1 (Clean),SYS3_Subcritical_Pitchfork,CEWF-Rank,Composite,0.5309017189629426,0.09579269423896761,1.0,83.70000000001026,11.99499999999992,1.0
Level 1 (Clean),SYS3_Subcritical_Pitchfork,CEWF-Mahalanobis,Composite,0.5612326603914025,0.11281077030863233,1.0,86.71000000000967,8.445000000001755,1.0
Level 1 (Clean),SYS3_Subcritical_Pitchfork,CEWF-ElasticNet,Composite,0.5785750373689992,0.14884521833042702,1.0,13.070000000006686,19.420000000009935,1.0
Level 1 (Clean),SYS3_Subcritical_Pitchfork,CEWF-BOCPD,Composite,0.6890914466733419,0.31079305937250556,1.0,93.15000000001201,3.790000000001939,1.0
Level 1 (Clean),SYS4_Stommel_AMOC,Variance,Univariate/Multivariate,0.5127295131402263,0.1393129864187456,0.96,43.179999999998145,20.717500000002765,1.0
Level 1 (Clean),SYS4_Stommel_AMOC,AR(1),Univariate/Multivariate,0.5085122194513716,0.13757207596058718,1.0,46.02999999999783,14.809999999998226,1.0
Level 1 (Clean),SYS4_Stommel_AMOC,Skewness,Univariate/Multivariate,0.49783461500095905,0.13315427723338766,1.0,41.38999999999854,13.059999999999462,1.0
Level 1 (Clean),SYS4_Stommel_AMOC,Kurtosis,Univariate/Multivariate,0.4895987753692692,0.13061998399132793,1.0,48.09999999999788,11.73999999999976,1.0
Level 1 (Clean),SYS4_Stommel_AMOC,PermutationEntropy,Univariate/Multivariate,0.46551808325340494,0.12307680830044895,1.0,44.17999999999728,17.339999999997374,1.0
Level 1 (Clean),SYS4_Stommel_AMOC,SpectralReddening,Univariate/Multivariate,0.49283408248609245,0.13176546514881704,1.0,49.75999999999805,8.859999999999417,1.0
Level 1 (Clean),SYS4_Stommel_AMOC,RecoveryRate,Univariate/Multivariate,0.4914877805486284,0.13185458289138655,0.96,46.10499999999783,16.364999999998233,1.0
Level 1 (Clean),SYS4_Stommel_AMOC,PCA1_Variance,Univariate/Multivariate,0.5751949971225782,0.16469856657262932,1.0,40.91999999999821,15.719999999996631,1.0
Level 1 (Clean),SYS4_Stommel_AMOC,GeneralizedVariance,Univariate/Multivariate,0.5699875419144447,0.16074214905011994,1.0,41.56999999999783,15.159999999999343,1.0
Level 1 (Clean),SYS4_Stommel_AMOC,MahalanobisDist,Univariate/Multivariate,0.9958880736619988,0.9756326326539042,1.0,43.81999999999681,11.320000000001528,1.0
Level 1 (Clean),SYS4_Stommel_AMOC,DNB_Index,Univariate/Multivariate,0.5475640145789373,0.1543317508279884,1.0,45.37999999999785,16.010000000001227,1.0
Level 1 (Clean),SYS4_Stommel_AMOC,CEWF-Linear,Composite,0.5228877536926914,0.14528082631649122,0.96,43.27999999999815,17.012499999998802,1.0
Level 1 (Clean),SYS4_Stommel_AMOC,CEWF-Rank,Composite,0.505374400920775,0.13669733732810913,1.0,44.499999999997954,13.869999999998413,1.0
Level 1 (Clean),SYS4_Stommel_AMOC,CEWF-Mahalanobis,Composite,0.5168922969499329,0.14301717038716613,0.96,46.64499999999785,14.307500000001717,1.0
Level 1 (Clean),SYS4_Stommel_AMOC,CEWF-ElasticNet,Composite,0.5157021845386534,0.13905651951904724,1.0,44.58999999999726,18.249999999997826,1.0
Level 1 (Clean),SYS4_Stommel_AMOC,CEWF-BOCPD,Composite,0.5263924857088049,0.1455807005425209,1.0,52.769999999997594,8.399999999998329,1.0
Level 1 (Clean),SYS5_Coupled_Network,Variance,Univariate/Multivariate,0.9995067189670921,0.9970855864350083,1.0,90.82000000001104,1.4399999999999977,1.0
Level 1 (Clean),SYS5_Coupled_Network,AR(1),Univariate/Multivariate,0.9251290950542324,0.47316336785526353,1.0,90.25000000001106,2.0099999999999625,1.0
Level 1 (Clean),SYS5_Coupled_Network,Skewness,Univariate/Multivariate,0.40998188266179486,0.10304864245227162,1.0,86.45000000001114,7.149999999999821,1.0
Level 1 (Clean),SYS5_Coupled_Network,Kurtosis,Univariate/Multivariate,0.1703658655285439,0.07841110822475195,1.0,84.56000000001124,7.319999999999908,1.0
Level 1 (Clean),SYS5_Coupled_Network,PermutationEntropy,Univariate/Multivariate,0.003233178018468908,0.0724640600386751,0.52,75.21000000001092,25.94000000000171,1.0
Level 1 (Clean),SYS5_Coupled_Network,SpectralReddening,Univariate/Multivariate,0.6693253828498614,0.39564535032019743,1.0,86.98000000001109,9.739999999999768,1.0
Level 1 (Clean),SYS5_Coupled_Network,RecoveryRate,Univariate/Multivariate,0.07487090494576773,0.07372944480160688,0.12,65.92000000000951,10.954999999999984,1.0
Level 1 (Clean),SYS5_Coupled_Network,PCA1_Variance,Univariate/Multivariate,1.0,1.0,1.0,91.22000000001103,0.10000000000005116,1.0
Level 1 (Clean),SYS5_Coupled_Network,GeneralizedVariance,Univariate/Multivariate,0.9995254196955624,0.9971460782359814,1.0,91.14000000001099,0.49999999999994316,1.0
Level 1 (Clean),SYS5_Coupled_Network,MahalanobisDist,Univariate/Multivariate,1.0,1.0,1.0,90.93000000001109,0.20999999999999375,1.0
Level 1 (Clean),SYS5_Coupled_Network,DNB_Index,Univariate/Multivariate,1.0,1.0,1.0,91.22000000001103,0.11000000000005627,1.0
Level 1 (Clean),SYS5_Coupled_Network,CEWF-Linear,Composite,0.9999999999999999,1.0,1.0,91.21000000001102,0.1300000000000665,1.0
Level 1 (Clean),SYS5_Coupled_Network,CEWF-Rank,Composite,0.7623861160793104,0.2970534267034761,1.0,86.07000000001116,6.319999999999823,1.0
Level 1 (Clean),SYS5_Coupled_Network,CEWF-Mahalanobis,Composite,0.9938280395784237,0.9706065656798876,1.0,88.8500000000111,4.919999999999959,1.0
Level 1 (Clean),SYS5_Coupled_Network,CEWF-ElasticNet,Composite,0.5709207264744037,0.29368551527050846,1.0,4.210000000002154,0.5100000000002609,1.0
Level 1 (Clean),SYS5_Coupled_Network,CEWF-BOCPD,Composite,0.8214769230769231,0.3762753691510645,1.0,91.22000000001103,0.10000000000005116,1.0
