SNR_dB,System,Method,ROC_AUC
-6.0,SYS1_May_Fold,Variance,1.0
-6.0,SYS1_May_Fold,AR(1),0.1288888888888889
-6.0,SYS1_May_Fold,CEWF-Mahalanobis,1.0
-6.0,SYS2_FitzHughNagumo_Hopf,Variance,1.0
-6.0,SYS2_FitzHughNagumo_Hopf,AR(1),0.28888888888888886
-6.0,SYS2_FitzHughNagumo_Hopf,CEWF-Mahalanobis,1.0
-6.0,SYS3_Subcritical_Pitchfork,Variance,1.0
-6.0,SYS3_Subcritical_Pitchfork,AR(1),0.07777777777777778
-6.0,SYS3_Subcritical_Pitchfork,CEWF-Mahalanobis,0.4666666666666667
-6.0,SYS4_Stommel_AMOC,Variance,1.0
-6.0,SYS4_Stommel_AMOC,AR(1),0.03555555555555555
-6.0,SYS4_Stommel_AMOC,CEWF-Mahalanobis,0.1288888888888889
-6.0,SYS5_Coupled_Network,Variance,1.0
-6.0,SYS5_Coupled_Network,AR(1),0.02666666666666666
-6.0,SYS5_Coupled_Network,CEWF-Mahalanobis,1.0
-3.0,SYS1_May_Fold,Variance,1.0
-3.0,SYS1_May_Fold,AR(1),0.01333333333333333
-3.0,SYS1_May_Fold,CEWF-Mahalanobis,1.0
-3.0,SYS2_FitzHughNagumo_Hopf,Variance,1.0
-3.0,SYS2_FitzHughNagumo_Hopf,AR(1),0.18222222222222223
-3.0,SYS2_FitzHughNagumo_Hopf,CEWF-Mahalanobis,1.0
-3.0,SYS3_Subcritical_Pitchfork,Variance,1.0
-3.0,SYS3_Subcritical_Pitchfork,AR(1),0.0
-3.0,SYS3_Subcritical_Pitchfork,CEWF-Mahalanobis,0.43333333333333335
-3.0,SYS4_Stommel_AMOC,Variance,1.0
-3.0,SYS4_Stommel_AMOC,AR(1),0.004444444444444444
-3.0,SYS4_Stommel_AMOC,CEWF-Mahalanobis,0.24
-3.0,SYS5_Coupled_Network,Variance,1.0
-3.0,SYS5_Coupled_Network,AR(1),0.0
-3.0,SYS5_Coupled_Network,CEWF-Mahalanobis,1.0
0.0,SYS1_May_Fold,Variance,1.0
0.0,SYS1_May_Fold,AR(1),0.0
0.0,SYS1_May_Fold,CEWF-Mahalanobis,1.0
0.0,SYS2_FitzHughNagumo_Hopf,Variance,1.0
0.0,SYS2_FitzHughNagumo_Hopf,AR(1),0.06222222222222221
0.0,SYS2_FitzHughNagumo_Hopf,CEWF-Mahalanobis,0.5155555555555555
0.0,SYS3_Subcritical_Pitchfork,Variance,1.0
0.0,SYS3_Subcritical_Pitchfork,AR(1),0.0
0.0,SYS3_Subcritical_Pitchfork,CEWF-Mahalanobis,0.5444444444444444
0.0,SYS4_Stommel_AMOC,Variance,0.9911111111111112
0.0,SYS4_Stommel_AMOC,AR(1),0.008888888888888887
0.0,SYS4_Stommel_AMOC,CEWF-Mahalanobis,0.44
0.0,SYS5_Coupled_Network,Variance,1.0
0.0,SYS5_Coupled_Network,AR(1),0.0
0.0,SYS5_Coupled_Network,CEWF-Mahalanobis,1.0
3.0,SYS1_May_Fold,Variance,1.0
3.0,SYS1_May_Fold,AR(1),0.0
3.0,SYS1_May_Fold,CEWF-Mahalanobis,1.0
3.0,SYS2_FitzHughNagumo_Hopf,Variance,1.0
3.0,SYS2_FitzHughNagumo_Hopf,AR(1),0.039999999999999994
3.0,SYS2_FitzHughNagumo_Hopf,CEWF-Mahalanobis,0.3288888888888889
3.0,SYS3_Subcritical_Pitchfork,Variance,1.0
3.0,SYS3_Subcritical_Pitchfork,AR(1),0.0
3.0,SYS3_Subcritical_Pitchfork,CEWF-Mahalanobis,0.9333333333333333
3.0,SYS4_Stommel_AMOC,Variance,0.9333333333333333
3.0,SYS4_Stommel_AMOC,AR(1),0.008888888888888887
3.0,SYS4_Stommel_AMOC,CEWF-Mahalanobis,0.6755555555555555
3.0,SYS5_Coupled_Network,Variance,1.0
3.0,SYS5_Coupled_Network,AR(1),0.0
3.0,SYS5_Coupled_Network,CEWF-Mahalanobis,1.0
6.0,SYS1_May_Fold,Variance,1.0
6.0,SYS1_May_Fold,AR(1),0.0
6.0,SYS1_May_Fold,CEWF-Mahalanobis,1.0
6.0,SYS2_FitzHughNagumo_Hopf,Variance,1.0
6.0,SYS2_FitzHughNagumo_Hopf,AR(1),0.04444444444444444
6.0,SYS2_FitzHughNagumo_Hopf,CEWF-Mahalanobis,0.6177777777777778
6.0,SYS3_Subcritical_Pitchfork,Variance,1.0
6.0,SYS3_Subcritical_Pitchfork,AR(1),0.0
6.0,SYS3_Subcritical_Pitchfork,CEWF-Mahalanobis,1.0
6.0,SYS4_Stommel_AMOC,Variance,0.7422222222222222
6.0,SYS4_Stommel_AMOC,AR(1),0.008888888888888887
6.0,SYS4_Stommel_AMOC,CEWF-Mahalanobis,0.8088888888888889
6.0,SYS5_Coupled_Network,Variance,1.0
6.0,SYS5_Coupled_Network,AR(1),0.0
6.0,SYS5_Coupled_Network,CEWF-Mahalanobis,1.0
9.0,SYS1_May_Fold,Variance,1.0
9.0,SYS1_May_Fold,AR(1),0.0
9.0,SYS1_May_Fold,CEWF-Mahalanobis,1.0
9.0,SYS2_FitzHughNagumo_Hopf,Variance,1.0
9.0,SYS2_FitzHughNagumo_Hopf,AR(1),0.04444444444444444
9.0,SYS2_FitzHughNagumo_Hopf,CEWF-Mahalanobis,0.7866666666666666
9.0,SYS3_Subcritical_Pitchfork,Variance,1.0
9.0,SYS3_Subcritical_Pitchfork,AR(1),0.0
9.0,SYS3_Subcritical_Pitchfork,CEWF-Mahalanobis,1.0
9.0,SYS4_Stommel_AMOC,Variance,0.5466666666666666
9.0,SYS4_Stommel_AMOC,AR(1),0.008888888888888887
9.0,SYS4_Stommel_AMOC,CEWF-Mahalanobis,0.88
9.0,SYS5_Coupled_Network,Variance,1.0
9.0,SYS5_Coupled_Network,AR(1),0.0
9.0,SYS5_Coupled_Network,CEWF-Mahalanobis,1.0
12.0,SYS1_May_Fold,Variance,1.0
12.0,SYS1_May_Fold,AR(1),0.0
12.0,SYS1_May_Fold,CEWF-Mahalanobis,1.0
12.0,SYS2_FitzHughNagumo_Hopf,Variance,1.0
12.0,SYS2_FitzHughNagumo_Hopf,AR(1),0.0488888888888889
12.0,SYS2_FitzHughNagumo_Hopf,CEWF-Mahalanobis,0.9244444444444444
12.0,SYS3_Subcritical_Pitchfork,Variance,1.0
12.0,SYS3_Subcritical_Pitchfork,AR(1),0.0
12.0,SYS3_Subcritical_Pitchfork,CEWF-Mahalanobis,1.0
12.0,SYS4_Stommel_AMOC,Variance,0.3733333333333333
12.0,SYS4_Stommel_AMOC,AR(1),0.017777777777777774
12.0,SYS4_Stommel_AMOC,CEWF-Mahalanobis,0.9111111111111112
12.0,SYS5_Coupled_Network,Variance,1.0
12.0,SYS5_Coupled_Network,AR(1),0.0
12.0,SYS5_Coupled_Network,CEWF-Mahalanobis,1.0
