Time,Post_Shock_Delta_T,Wasserstein1_Dist,Gaussian_KL_Div,KS_Statistic,KS_pvalue,Is_Distinguishable,Informational_Regime
0.0,0.0,0.0,0.0,0.0,1.0,False,Ambiguous/Indistinguishable
0.20000000000000004,0.0,0.004585196594681732,0.13920050057365563,0.28,0.2850421476958367,False,Ambiguous/Indistinguishable
0.4000000000000002,0.0,0.007751460380891934,0.11274476107769626,0.24,0.4754535018190584,False,Ambiguous/Indistinguishable
0.6000000000000003,0.0,0.012126246699750425,0.14182649164176386,0.32,0.15576025200619348,False,Ambiguous/Indistinguishable
0.8000000000000005,0.0,0.011947485244151535,0.15565759104589594,0.31999999999999995,0.15576025200619348,False,Ambiguous/Indistinguishable
1.0000000000000007,0.0,0.013377609024409657,0.12113553522839937,0.36,0.07789836549197329,False,Ambiguous/Indistinguishable
1.2000000000000008,0.0,0.02257762526233041,0.3720260835535726,0.44000000000000006,0.014838084605848645,False,Ambiguous/Indistinguishable
1.400000000000001,0.0,0.02743612415507851,0.974452337465705,0.48000000000000004,0.005614410507946465,False,Ambiguous/Indistinguishable
1.6000000000000012,0.0,0.026547074100368134,0.7516697328484057,0.44000000000000006,0.014838084605848645,False,Ambiguous/Indistinguishable
1.8000000000000014,0.0,0.027045595583562336,0.5562380565847094,0.48000000000000004,0.005614410507946465,False,Ambiguous/Indistinguishable
2.0000000000000013,0.0,0.029017675298652786,0.9905539293807499,0.48,0.005614410507946465,False,Ambiguous/Indistinguishable
2.199999999999997,0.0,0.032789457464090115,1.4708706964511773,0.56,0.0005909905798671092,False,Ambiguous/Indistinguishable
2.399999999999993,0.0,0.03920704717474798,2.497872236470384,0.68,8.494202585197998e-06,False,Ambiguous/Indistinguishable
2.5999999999999885,0.0,0.03889990758030056,1.580989031847027,0.72,1.580316760036837e-06,False,Ambiguous/Indistinguishable
2.7999999999999843,0.0,0.038064942972494575,1.0370507191817893,0.6000000000000001,0.00016252240946345505,False,Ambiguous/Indistinguishable
2.99999999999998,0.0,0.03930257942226196,1.1122729859853127,0.64,3.963961206425733e-05,False,Ambiguous/Indistinguishable
3.1999999999999758,0.0,0.04664340465053911,1.4502341449059024,0.6799999999999999,8.494202585197998e-06,False,Ambiguous/Indistinguishable
3.3999999999999715,0.0,0.05591033923459677,2.243069665810748,0.76,2.514140300058604e-07,False,Ambiguous/Indistinguishable
3.5999999999999672,0.0,0.05758458342606893,2.1643701267514954,0.76,2.514140300058604e-07,False,Ambiguous/Indistinguishable
3.799999999999963,0.0,0.0640149510188623,2.6387730696382863,0.84,3.643681594287832e-09,False,Ambiguous/Indistinguishable
3.9999999999999587,0.0,0.06981209371556617,4.127743335968418,0.9199999999999999,1.9381285075999106e-11,False,Ambiguous/Indistinguishable
4.199999999999955,0.0,0.07186186023873592,3.771649599133946,0.92,1.9381285075999106e-11,False,Ambiguous/Indistinguishable
4.399999999999951,0.0,0.0784419460981025,4.800572049059069,0.92,1.9381285075999106e-11,False,Ambiguous/Indistinguishable
4.599999999999946,0.0,0.09001117709967586,6.583833268495655,1.0,1.582145720489723e-14,False,Ambiguous/Indistinguishable
4.799999999999942,0.0,0.09938878317470105,5.633201332131388,1.0,1.582145720489723e-14,False,Ambiguous/Indistinguishable
4.999999999999938,0.0,0.1021704810379926,5.284983718146898,0.96,7.910728602448615e-13,False,Ambiguous/Indistinguishable
5.199999999999934,0.0,0.10291430057637689,5.699657781722786,0.96,7.910728602448615e-13,False,Ambiguous/Indistinguishable
5.399999999999929,0.0,0.11545426997638296,5.801390470680068,0.96,7.910728602448615e-13,False,Ambiguous/Indistinguishable
5.599999999999925,0.0,0.11875506142894893,6.082097519120225,0.96,7.910728602448615e-13,False,Ambiguous/Indistinguishable
5.799999999999921,0.0,0.13268904375735108,9.557065610269104,1.0,1.582145720489723e-14,False,Ambiguous/Indistinguishable
5.9999999999999165,0.0,0.14279737273178397,10.768529462001647,1.0,1.582145720489723e-14,False,Ambiguous/Indistinguishable
6.199999999999912,0.0,0.14924556949627546,10.277857417060952,1.0,1.582145720489723e-14,False,Ambiguous/Indistinguishable
6.399999999999908,0.0,0.15377061330045508,9.778869403226354,1.0,1.582145720489723e-14,False,Ambiguous/Indistinguishable
6.599999999999904,0.0,0.16316674857030533,12.420087255451477,1.0,1.582145720489723e-14,False,Ambiguous/Indistinguishable
6.7999999999998995,0.0,0.1667584733283386,14.099766210104761,1.0,1.582145720489723e-14,False,Ambiguous/Indistinguishable
6.999999999999895,0.0,0.16765731448851168,15.453521211771754,1.0,1.582145720489723e-14,False,Ambiguous/Indistinguishable
7.199999999999891,0.0,0.1746323357154508,15.318295600202882,1.0,1.582145720489723e-14,False,Ambiguous/Indistinguishable
7.399999999999887,0.0,0.17836680964264282,17.996500738032722,1.0,1.582145720489723e-14,False,Ambiguous/Indistinguishable
7.599999999999882,0.0,0.1818485745647245,17.416709370219152,1.0,1.582145720489723e-14,False,Ambiguous/Indistinguishable
7.799999999999878,0.0,0.19835535573656052,21.553542860044196,1.0,1.582145720489723e-14,False,Ambiguous/Indistinguishable
7.999999999999874,0.0,0.20236757781334552,26.101491802089292,1.0,1.582145720489723e-14,False,Ambiguous/Indistinguishable
8.19999999999987,0.0,0.20595130206439236,23.742115563670314,1.0,1.582145720489723e-14,False,Ambiguous/Indistinguishable
8.399999999999865,0.0,0.20676629606191296,21.32644841552651,1.0,1.582145720489723e-14,False,Ambiguous/Indistinguishable
8.599999999999861,0.0,0.21383412366195334,25.0049556556282,1.0,1.582145720489723e-14,False,Ambiguous/Indistinguishable
8.799999999999857,0.0,0.20750818453986344,18.85297179437772,1.0,1.582145720489723e-14,False,Ambiguous/Indistinguishable
8.999999999999853,0.0,0.21221740448767007,19.24319102195517,1.0,1.582145720489723e-14,False,Ambiguous/Indistinguishable
9.199999999999848,0.0,0.2132068141897524,19.298572300649855,1.0,1.582145720489723e-14,False,Ambiguous/Indistinguishable
9.399999999999844,0.0,0.22254214483762608,21.19642969640131,1.0,1.582145720489723e-14,False,Ambiguous/Indistinguishable
9.59999999999984,0.0,0.22410236089034552,27.26960076970451,1.0,1.582145720489723e-14,False,Ambiguous/Indistinguishable
9.799999999999836,0.0,0.23009352073476405,35.99177127341149,1.0,1.582145720489723e-14,False,Ambiguous/Indistinguishable
9.999999999999831,0.0,0.24008413068648807,35.96330685105134,1.0,1.582145720489723e-14,False,Ambiguous/Indistinguishable
10.199999999999827,0.0,0.2459393235200821,39.266151631123016,1.0,1.582145720489723e-14,False,Ambiguous/Indistinguishable
10.399999999999823,0.0,0.2511488632234395,39.89653128230242,1.0,1.582145720489723e-14,False,Ambiguous/Indistinguishable
10.599999999999818,0.0,0.25704048849873246,29.492872581169035,1.0,1.582145720489723e-14,False,Ambiguous/Indistinguishable
10.799999999999814,0.0,0.26591470349119745,38.45715792345545,1.0,1.582145720489723e-14,False,Ambiguous/Indistinguishable
10.99999999999981,0.0,0.2750789682682245,44.77568559698076,1.0,1.582145720489723e-14,False,Ambiguous/Indistinguishable
11.199999999999806,0.0,0.282003383132188,73.04541414943918,1.0,1.582145720489723e-14,False,Ambiguous/Indistinguishable
11.399999999999801,0.0,0.2921419120830787,93.55206634153116,1.0,1.582145720489723e-14,False,Ambiguous/Indistinguishable
11.599999999999797,0.0,0.29731203084913777,74.22745891526652,1.0,1.582145720489723e-14,False,Ambiguous/Indistinguishable
11.799999999999793,0.0,0.3051056958000051,65.01636528870957,1.0,1.582145720489723e-14,False,Ambiguous/Indistinguishable
11.999999999999789,0.0,0.3129863073428791,59.62416582637559,1.0,1.582145720489723e-14,False,Ambiguous/Indistinguishable
12.199999999999784,0.0,0.3175836987066229,55.76478795222843,1.0,1.582145720489723e-14,False,Ambiguous/Indistinguishable
12.39999999999978,0.0,0.3191502097952096,63.184587601758544,1.0,1.582145720489723e-14,False,Ambiguous/Indistinguishable
12.599999999999776,0.0,0.3229427216652081,65.99778989802203,1.0,1.582145720489723e-14,False,Ambiguous/Indistinguishable
12.799999999999772,0.0,0.3313148652133112,58.66096384741239,1.0,1.582145720489723e-14,False,Ambiguous/Indistinguishable
12.999999999999767,0.0,0.33801141034067766,66.51921515968081,1.0,1.582145720489723e-14,False,Ambiguous/Indistinguishable
13.199999999999763,0.0,0.35157790203985934,85.27222744534485,1.0,1.582145720489723e-14,False,Ambiguous/Indistinguishable
13.399999999999759,0.0,0.3574872232140732,88.03348825280462,1.0,1.582145720489723e-14,False,Ambiguous/Indistinguishable
13.599999999999755,0.0,0.36262735164803794,96.37301602749889,1.0,1.582145720489723e-14,False,Ambiguous/Indistinguishable
13.79999999999975,0.0,0.3708599248935423,107.70494238410988,1.0,1.582145720489723e-14,False,Ambiguous/Indistinguishable
13.999999999999746,0.0,0.37315943347371267,99.71488324763722,1.0,1.582145720489723e-14,False,Ambiguous/Indistinguishable
14.199999999999742,0.0,0.3787781861067875,98.1342250394392,1.0,1.582145720489723e-14,False,Ambiguous/Indistinguishable
14.399999999999737,0.0,0.3829202173223649,94.09778893754464,1.0,1.582145720489723e-14,False,Ambiguous/Indistinguishable
14.599999999999733,0.0,0.39394652632093125,101.46027979249786,1.0,1.582145720489723e-14,False,Ambiguous/Indistinguishable
14.799999999999729,0.0,0.3893684044392148,91.89705721376518,1.0,1.582145720489723e-14,False,Ambiguous/Indistinguishable
14.999999999999725,0.0,0.40101691590383415,83.34397473579324,1.0,1.582145720489723e-14,False,Ambiguous/Indistinguishable
15.19999999999972,0.0,0.40329187083960016,87.4614500312915,1.0,1.582145720489723e-14,False,Ambiguous/Indistinguishable
15.399999999999716,0.0,0.40930648838416284,103.977365293899,1.0,1.582145720489723e-14,False,Ambiguous/Indistinguishable
15.599999999999712,0.0,0.41677615268443097,112.74368927191308,1.0,1.582145720489723e-14,False,Ambiguous/Indistinguishable
15.799999999999708,0.0,0.42026115053052066,73.30611190899806,1.0,1.582145720489723e-14,False,Ambiguous/Indistinguishable
15.999999999999703,0.0,0.42326136711776496,74.82789294522992,1.0,1.582145720489723e-14,False,Ambiguous/Indistinguishable
16.199999999999733,0.0,0.43684489375384294,81.37747751893106,1.0,1.582145720489723e-14,False,Ambiguous/Indistinguishable
16.399999999999764,0.0,0.4485316763284928,92.79063816353094,1.0,1.582145720489723e-14,False,Ambiguous/Indistinguishable
16.599999999999795,0.0,0.4544837178473563,98.77469725496107,1.0,1.582145720489723e-14,False,Ambiguous/Indistinguishable
16.799999999999827,0.0,0.45587322753185255,88.35474147360141,1.0,1.582145720489723e-14,False,Ambiguous/Indistinguishable
16.999999999999858,0.0,0.4601553619118442,102.40022452536284,1.0,1.582145720489723e-14,False,Ambiguous/Indistinguishable
17.19999999999989,0.0,0.46504064572166776,134.34022454298747,1.0,1.582145720489723e-14,False,Ambiguous/Indistinguishable
17.39999999999992,0.0,0.47011655195609264,156.29199790003557,1.0,1.582145720489723e-14,False,Ambiguous/Indistinguishable
17.59999999999995,0.0,0.47632006327792614,156.88298962559762,1.0,1.582145720489723e-14,False,Ambiguous/Indistinguishable
17.799999999999983,0.0,0.4771575797654971,159.5918523342786,1.0,1.582145720489723e-14,False,Ambiguous/Indistinguishable
18.000000000000014,0.0,0.48554844399901653,134.66773789165975,1.0,1.582145720489723e-14,False,Ambiguous/Indistinguishable
18.200000000000045,0.0,0.4994934468576096,149.6087246804726,1.0,1.582145720489723e-14,False,Ambiguous/Indistinguishable
18.400000000000077,0.0,0.5055190711125462,129.73928175247406,1.0,1.582145720489723e-14,True,Distinguishable
18.600000000000108,0.0,0.5105829036029141,165.02666672025833,1.0,1.582145720489723e-14,True,Distinguishable
18.80000000000014,0.0,0.5109383913428677,151.65948823687995,1.0,1.582145720489723e-14,True,Distinguishable
19.00000000000017,0.0,0.5176061261168747,122.2855039346808,1.0,1.582145720489723e-14,True,Distinguishable
19.200000000000202,0.0,0.5262839966741231,118.1957471188932,1.0,1.582145720489723e-14,True,Distinguishable
19.400000000000233,0.0,0.5341542569046654,147.94074151907475,1.0,1.582145720489723e-14,True,Distinguishable
19.600000000000264,0.0,0.5389992579631331,156.45372694301133,1.0,1.582145720489723e-14,True,Distinguishable
19.800000000000296,0.0,0.5544880210072631,153.58210373767366,1.0,1.582145720489723e-14,True,Distinguishable
20.000000000000327,3.268496584496461e-13,0.5552465870205718,204.7491164770079,1.0,1.582145720489723e-14,True,Distinguishable
20.200000000000358,0.2000000000003581,0.5589747100529749,164.72060683061736,1.0,1.582145720489723e-14,True,Distinguishable
20.40000000000039,0.4000000000003894,0.5660539325670939,246.50064671013345,1.0,1.582145720489723e-14,True,Distinguishable
20.60000000000042,0.6000000000004206,0.5716707671753097,253.74190197840736,1.0,1.582145720489723e-14,True,Distinguishable
20.800000000000452,0.8000000000004519,0.5823534666242182,181.74690797280482,1.0,1.582145720489723e-14,True,Distinguishable
21.000000000000483,1.0000000000004832,0.5805072017100454,202.9811879692644,1.0,1.582145720489723e-14,True,Distinguishable
21.200000000000514,1.2000000000005144,0.6002172533257343,212.20446166811422,1.0,1.582145720489723e-14,True,Distinguishable
21.400000000000546,1.4000000000005457,0.6013885077876124,225.9280144106122,1.0,1.582145720489723e-14,True,Distinguishable
21.600000000000577,1.600000000000577,0.6012024643014713,231.88739260928452,1.0,1.582145720489723e-14,True,Distinguishable
21.80000000000061,1.8000000000006082,0.605176469829038,223.45805070529806,1.0,1.582145720489723e-14,True,Distinguishable
22.00000000000064,2.0000000000006395,0.6171192353604457,202.55223391676444,1.0,1.582145720489723e-14,True,Distinguishable
22.20000000000067,2.2000000000006708,0.6229663191786697,191.85818080611477,1.0,1.582145720489723e-14,True,Distinguishable
22.400000000000702,2.400000000000702,0.6288420875183814,188.97469796433708,1.0,1.582145720489723e-14,True,Distinguishable
22.600000000000733,2.6000000000007333,0.6418117092508325,247.31583718784964,1.0,1.582145720489723e-14,True,Distinguishable
22.800000000000765,2.8000000000007645,0.6477730657199251,227.47821499869872,1.0,1.582145720489723e-14,True,Distinguishable
23.000000000000796,3.000000000000796,0.6509836704665584,182.90571648134912,1.0,1.582145720489723e-14,True,Distinguishable
23.200000000000827,3.200000000000827,0.6585670386738028,173.61799965420656,1.0,1.582145720489723e-14,True,Distinguishable
23.40000000000086,3.4000000000008583,0.6649511323986529,236.99814833048117,1.0,1.582145720489723e-14,True,Distinguishable
23.60000000000089,3.6000000000008896,0.6820158953042347,227.0079921160535,1.0,1.582145720489723e-14,True,Distinguishable
23.80000000000092,3.800000000000921,0.6868175327542415,217.01387887559125,1.0,1.582145720489723e-14,True,Distinguishable
24.000000000000952,4.000000000000952,0.6934401096207524,269.0640779253941,1.0,1.582145720489723e-14,True,Distinguishable
24.200000000000983,4.200000000000983,0.7086987534528829,290.37223825552513,1.0,1.582145720489723e-14,True,Distinguishable
24.400000000001015,4.400000000001015,0.708627104560676,377.3450194550681,1.0,1.582145720489723e-14,True,Distinguishable
24.600000000001046,4.600000000001046,0.7186135169161884,400.84817849081844,1.0,1.582145720489723e-14,True,Distinguishable
24.800000000001077,4.800000000001077,0.721234222344024,384.54744549543756,1.0,1.582145720489723e-14,True,Distinguishable
25.00000000000111,5.0000000000011084,0.7272565404435924,465.22017539093775,1.0,1.582145720489723e-14,True,Distinguishable
25.20000000000114,5.20000000000114,0.7339677897086125,292.94199774502465,1.0,1.582145720489723e-14,True,Distinguishable
25.40000000000117,5.400000000001171,0.7397575953057929,206.8073818541226,1.0,1.582145720489723e-14,True,Distinguishable
25.600000000001202,5.600000000001202,0.7525248819614957,214.0047558098223,1.0,1.582145720489723e-14,True,Distinguishable
25.800000000001234,5.8000000000012335,0.7597665447690632,218.48843131926304,1.0,1.582145720489723e-14,True,Distinguishable
26.000000000001265,6.000000000001265,0.766278040699623,225.44327874784804,1.0,1.582145720489723e-14,True,Distinguishable
26.200000000001296,6.200000000001296,0.7720725633631033,339.6198801114198,1.0,1.582145720489723e-14,True,Distinguishable
26.400000000001327,6.400000000001327,0.780015071858061,303.2664652177746,1.0,1.582145720489723e-14,True,Distinguishable
26.60000000000136,6.600000000001359,0.7858149785293876,310.7037324550633,1.0,1.582145720489723e-14,True,Distinguishable
26.80000000000139,6.80000000000139,0.7997081550447279,269.25970998510803,1.0,1.582145720489723e-14,True,Distinguishable
27.00000000000142,7.000000000001421,0.8078737462555556,263.1692420333441,1.0,1.582145720489723e-14,True,Distinguishable
27.200000000001452,7.200000000001452,0.8069855506467092,246.29977430031926,1.0,1.582145720489723e-14,True,Distinguishable
27.400000000001484,7.400000000001484,0.8177114635113256,323.7506654121836,1.0,1.582145720489723e-14,True,Distinguishable
27.600000000001515,7.600000000001515,0.8241890841389591,347.3104172201076,1.0,1.582145720489723e-14,True,Distinguishable
27.800000000001546,7.800000000001546,0.8305156577127402,304.0852593506951,1.0,1.582145720489723e-14,True,Distinguishable
28.000000000001577,8.000000000001577,0.8410440623950279,367.1448013733101,1.0,1.582145720489723e-14,True,Distinguishable
28.20000000000161,8.200000000001609,0.842888870029057,293.02115126413713,1.0,1.582145720489723e-14,True,Distinguishable
28.40000000000164,8.40000000000164,0.854131487315811,373.81241747880244,1.0,1.582145720489723e-14,True,Distinguishable
28.60000000000167,8.600000000001671,0.8637574771547304,376.9499173737047,1.0,1.582145720489723e-14,True,Distinguishable
28.800000000001702,8.800000000001702,0.8699984141964479,403.5037666549126,1.0,1.582145720489723e-14,True,Distinguishable
29.000000000001734,9.000000000001734,0.8772309498478351,399.161865825918,1.0,1.582145720489723e-14,True,Distinguishable
29.200000000001765,9.200000000001765,0.8811197736169517,356.5214898435465,1.0,1.582145720489723e-14,True,Distinguishable
29.400000000001796,9.400000000001796,0.8841780030809989,511.97332722998954,1.0,1.582145720489723e-14,True,Distinguishable
29.600000000001828,9.600000000001828,0.8941822303527264,709.4144900825429,1.0,1.582145720489723e-14,True,Distinguishable
29.80000000000186,9.800000000001859,0.8978681985584931,540.6746690574149,1.0,1.582145720489723e-14,True,Distinguishable
30.00000000000189,10.00000000000189,0.9112666058672434,538.9965519515385,1.0,1.582145720489723e-14,True,Distinguishable
30.20000000000192,10.200000000001921,0.9176892166533374,543.7535504835588,1.0,1.582145720489723e-14,True,Distinguishable
30.400000000001953,10.400000000001953,0.9208050157322695,428.12555303640244,1.0,1.582145720489723e-14,True,Distinguishable
30.600000000001984,10.600000000001984,0.9250365254148426,455.4768855039373,1.0,1.582145720489723e-14,True,Distinguishable
30.800000000002015,10.800000000002015,0.9366814357308544,380.3309607062003,1.0,1.582145720489723e-14,True,Distinguishable
31.000000000002046,11.000000000002046,0.941471702979183,414.82158733245495,1.0,1.582145720489723e-14,True,Distinguishable
31.200000000002078,11.200000000002078,0.9483451735629859,439.005483978845,1.0,1.582145720489723e-14,True,Distinguishable
31.40000000000211,11.400000000002109,0.9518296567962308,599.235199822941,1.0,1.582145720489723e-14,True,Distinguishable
31.60000000000214,11.60000000000214,0.9645653626940313,755.2837110063175,1.0,1.582145720489723e-14,True,Distinguishable
31.80000000000217,11.800000000002171,0.97386945510679,774.6533214482819,1.0,1.582145720489723e-14,True,Distinguishable
32.0000000000022,12.000000000002203,0.9813641767119957,851.7669991086409,1.0,1.582145720489723e-14,True,Distinguishable
32.20000000000216,12.200000000002163,0.9873553839853146,564.3985145219266,1.0,1.582145720489723e-14,True,Distinguishable
32.40000000000212,12.400000000002123,1.0016281476513782,690.328273156005,1.0,1.582145720489723e-14,True,Distinguishable
32.60000000000208,12.600000000002083,1.0119545683578433,638.9590545183473,1.0,1.582145720489723e-14,True,Distinguishable
32.80000000000204,12.800000000002044,1.0162488114002044,729.5113090894022,1.0,1.582145720489723e-14,True,Distinguishable
33.000000000002004,13.000000000002004,1.0245199149235573,611.8976871562152,1.0,1.582145720489723e-14,True,Distinguishable
33.200000000001964,13.200000000001964,1.0401470101090897,663.9519590872047,1.0,1.582145720489723e-14,True,Distinguishable
33.400000000001924,13.400000000001924,1.0473846739349593,690.7816826329403,1.0,1.582145720489723e-14,True,Distinguishable
33.600000000001884,13.600000000001884,1.0560612741008077,711.61895902978,1.0,1.582145720489723e-14,True,Distinguishable
33.800000000001845,13.800000000001845,1.070565104042197,754.3677678895442,1.0,1.582145720489723e-14,True,Distinguishable
34.000000000001805,14.000000000001805,1.0731981268995938,631.3277387918075,1.0,1.582145720489723e-14,True,Distinguishable
34.200000000001765,14.200000000001765,1.0792186814821825,581.1453589688185,1.0,1.582145720489723e-14,True,Distinguishable
34.400000000001725,14.400000000001725,1.0912174192340747,599.0529965353066,1.0,1.582145720489723e-14,True,Distinguishable
34.600000000001685,14.600000000001685,1.0992250790040161,736.230609441604,1.0,1.582145720489723e-14,True,Distinguishable
34.800000000001646,14.800000000001646,1.1082412861599753,808.7406547478927,1.0,1.582145720489723e-14,True,Distinguishable
35.000000000001606,15.000000000001606,1.1149202345791118,626.2097846263638,1.0,1.582145720489723e-14,True,Distinguishable
35.200000000001566,15.200000000001566,1.1198135701126395,746.0894330295462,1.0,1.582145720489723e-14,True,Distinguishable
35.400000000001526,15.400000000001526,1.122470657707909,831.1912129842276,1.0,1.582145720489723e-14,True,Distinguishable
35.60000000000149,15.600000000001486,1.1295974357615803,1032.6384202282413,1.0,1.582145720489723e-14,True,Distinguishable
35.80000000000145,15.800000000001447,1.1328975014337497,1006.484343223255,1.0,1.582145720489723e-14,True,Distinguishable
36.00000000000141,16.000000000001407,1.14420500880834,822.0234411964343,1.0,1.582145720489723e-14,True,Distinguishable
36.20000000000137,16.200000000001367,1.148656533813747,854.3803898882226,1.0,1.582145720489723e-14,True,Distinguishable
36.40000000000133,16.400000000001327,1.155303310095704,765.7061461142071,1.0,1.582145720489723e-14,True,Distinguishable
36.60000000000129,16.600000000001288,1.1674913298349152,729.5426998323618,1.0,1.582145720489723e-14,True,Distinguishable
36.80000000000125,16.800000000001248,1.1738082039131006,773.2584772428854,1.0,1.582145720489723e-14,True,Distinguishable
37.00000000000121,17.000000000001208,1.1880665479666757,667.3438149632784,1.0,1.582145720489723e-14,True,Distinguishable
37.20000000000117,17.200000000001168,1.1967862923183363,658.703744422589,1.0,1.582145720489723e-14,True,Distinguishable
37.40000000000113,17.40000000000113,1.20649344464041,525.0241944660991,1.0,1.582145720489723e-14,True,Distinguishable
37.60000000000109,17.60000000000109,1.2098343149580573,612.8885995434287,1.0,1.582145720489723e-14,True,Distinguishable
37.80000000000105,17.80000000000105,1.2220763506215278,503.9673445888757,1.0,1.582145720489723e-14,True,Distinguishable
38.00000000000101,18.00000000000101,1.2284575647589684,577.0356854009565,1.0,1.582145720489723e-14,True,Distinguishable
38.20000000000097,18.20000000000097,1.2329346682074145,669.8874594713647,1.0,1.582145720489723e-14,True,Distinguishable
38.40000000000093,18.40000000000093,1.2372252737155065,644.1511797671034,1.0,1.582145720489723e-14,True,Distinguishable
38.60000000000089,18.60000000000089,1.2472896084804264,627.0130821958757,1.0,1.582145720489723e-14,True,Distinguishable
38.80000000000085,18.80000000000085,1.2582780355080798,597.4861173661401,1.0,1.582145720489723e-14,True,Distinguishable
39.00000000000081,19.00000000000081,1.2644657906272845,694.5664052406253,1.0,1.582145720489723e-14,True,Distinguishable
39.20000000000077,19.20000000000077,1.271827713098308,729.7266826474724,1.0,1.582145720489723e-14,True,Distinguishable
39.40000000000073,19.40000000000073,1.2844577412815523,631.2129071085827,1.0,1.582145720489723e-14,True,Distinguishable
39.60000000000069,19.60000000000069,1.294291769420779,714.9411869441464,1.0,1.582145720489723e-14,True,Distinguishable
39.80000000000065,19.80000000000065,1.3028799544855094,695.1051638393386,1.0,1.582145720489723e-14,True,Distinguishable
40.00000000000061,20.00000000000061,1.3115907249545822,670.5385913385741,1.0,1.582145720489723e-14,True,Distinguishable
40.20000000000057,20.20000000000057,1.3228775420987609,658.6838941327593,1.0,1.582145720489723e-14,True,Distinguishable
40.40000000000053,20.40000000000053,1.3289299283155083,717.5015247093075,1.0,1.582145720489723e-14,True,Distinguishable
40.60000000000049,20.60000000000049,1.3372836472464964,660.9773906645247,1.0,1.582145720489723e-14,True,Distinguishable
40.80000000000045,20.800000000000452,1.3442642620342071,671.9256138030095,1.0,1.582145720489723e-14,True,Distinguishable
41.00000000000041,21.000000000000412,1.354498931630491,751.5006864468189,1.0,1.582145720489723e-14,True,Distinguishable
41.20000000000037,21.200000000000372,1.3658616694864751,584.7148103555662,1.0,1.582145720489723e-14,True,Distinguishable
41.40000000000033,21.400000000000333,1.373190172358418,679.019201426323,1.0,1.582145720489723e-14,True,Distinguishable
41.60000000000029,21.600000000000293,1.3825105046463517,787.2227756095406,1.0,1.582145720489723e-14,True,Distinguishable
41.80000000000025,21.800000000000253,1.391089886458549,704.3692200881192,1.0,1.582145720489723e-14,True,Distinguishable
42.00000000000021,22.000000000000213,1.399480748494054,752.8845968855676,1.0,1.582145720489723e-14,True,Distinguishable
42.20000000000017,22.200000000000173,1.4106773131898043,912.0184667138132,1.0,1.582145720489723e-14,True,Distinguishable
42.400000000000134,22.400000000000134,1.4232771141078535,1063.2530104031125,1.0,1.582145720489723e-14,True,Distinguishable
42.600000000000094,22.600000000000094,1.4349832134820806,1339.3981020587921,1.0,1.582145720489723e-14,True,Distinguishable
42.800000000000054,22.800000000000054,1.4439496927171014,1432.2012045027727,1.0,1.582145720489723e-14,True,Distinguishable
43.000000000000014,23.000000000000014,1.445849479143102,1144.9387376381117,1.0,1.582145720489723e-14,True,Distinguishable
43.199999999999974,23.199999999999974,1.459609673120729,1066.8681312149176,1.0,1.582145720489723e-14,True,Distinguishable
43.399999999999935,23.399999999999935,1.468852529205172,1196.2511362963462,1.0,1.582145720489723e-14,True,Distinguishable
43.599999999999895,23.599999999999895,1.4754316066123543,995.1037857268265,1.0,1.582145720489723e-14,True,Distinguishable
43.799999999999855,23.799999999999855,1.4942096509608644,904.1943707831659,1.0,1.582145720489723e-14,True,Distinguishable
43.999999999999815,23.999999999999815,1.5021113810983366,1043.1382810499028,1.0,1.582145720489723e-14,True,Distinguishable
44.199999999999775,24.199999999999775,1.50908273151809,1000.1595191752883,1.0,1.582145720489723e-14,True,Distinguishable
44.399999999999736,24.399999999999736,1.5205461520717292,987.9564724828543,1.0,1.582145720489723e-14,True,Distinguishable
44.599999999999696,24.599999999999696,1.53270513218953,942.7372250727226,1.0,1.582145720489723e-14,True,Distinguishable
44.799999999999656,24.799999999999656,1.5448843262350507,790.0589679932891,1.0,1.582145720489723e-14,True,Distinguishable
44.999999999999616,24.999999999999616,1.5591054494073733,847.6205936891294,1.0,1.582145720489723e-14,True,Distinguishable
45.19999999999958,25.199999999999577,1.576424404849358,736.680422265009,1.0,1.582145720489723e-14,True,Distinguishable
45.39999999999954,25.399999999999537,1.582759059697753,930.9857213385451,1.0,1.582145720489723e-14,True,Distinguishable
45.5999999999995,25.599999999999497,1.595758372753988,1133.549260878332,1.0,1.582145720489723e-14,True,Distinguishable
45.79999999999946,25.799999999999457,1.6102081357961755,1094.4883327111747,1.0,1.582145720489723e-14,True,Distinguishable
45.99999999999942,25.999999999999417,1.6228751847992708,1115.6856201313499,1.0,1.582145720489723e-14,True,Distinguishable
46.19999999999938,26.199999999999378,1.6356829393763275,1276.1778917763686,1.0,1.582145720489723e-14,True,Distinguishable
46.39999999999934,26.399999999999338,1.640216595506325,1507.2813610681762,1.0,1.582145720489723e-14,True,Distinguishable
46.5999999999993,26.599999999999298,1.6534662203087558,1130.754767493706,1.0,1.582145720489723e-14,True,Distinguishable
46.79999999999926,26.799999999999258,1.6588470751989708,1477.2633312737546,1.0,1.582145720489723e-14,True,Distinguishable
46.99999999999922,26.99999999999922,1.6733234226463405,1401.4281421322553,1.0,1.582145720489723e-14,True,Distinguishable
47.19999999999918,27.19999999999918,1.6817543636455288,1285.0090797044622,1.0,1.582145720489723e-14,True,Distinguishable
47.39999999999914,27.39999999999914,1.6864769189380926,1118.1905867539347,1.0,1.582145720489723e-14,True,Distinguishable
47.5999999999991,27.5999999999991,1.6940248997745024,1132.466997130012,1.0,1.582145720489723e-14,True,Distinguishable
47.79999999999906,27.79999999999906,1.706681792509151,1049.0718880699326,1.0,1.582145720489723e-14,True,Distinguishable
47.99999999999902,27.99999999999902,1.7180403881124189,1050.2277324676825,1.0,1.582145720489723e-14,True,Distinguishable
48.19999999999898,28.19999999999898,1.7322282800899043,1118.9055685530464,1.0,1.582145720489723e-14,True,Distinguishable
48.39999999999894,28.39999999999894,1.7454048475083992,1080.3296330695275,1.0,1.582145720489723e-14,True,Distinguishable
48.5999999999989,28.5999999999989,1.760382016254446,1081.3998164853024,1.0,1.582145720489723e-14,True,Distinguishable
48.79999999999886,28.79999999999886,1.7675095697833594,967.7411816510621,1.0,1.582145720489723e-14,True,Distinguishable
48.99999999999882,28.99999999999882,1.7833250931187083,963.59061107521,1.0,1.582145720489723e-14,True,Distinguishable
49.19999999999878,29.19999999999878,1.8017209092663256,870.5845718485028,1.0,1.582145720489723e-14,True,Distinguishable
49.39999999999874,29.39999999999874,1.808257066988837,914.7865988194981,1.0,1.582145720489723e-14,True,Distinguishable
49.5999999999987,29.5999999999987,1.8147053006825022,920.8837742478548,1.0,1.582145720489723e-14,True,Distinguishable
49.79999999999866,29.79999999999866,1.8235237296532643,869.8905711308308,1.0,1.582145720489723e-14,True,Distinguishable
49.99999999999862,29.99999999999862,1.839616390500835,875.9825239327239,1.0,1.582145720489723e-14,True,Distinguishable
50.19999999999858,30.19999999999858,1.8479476277217897,843.86667463104,1.0,1.582145720489723e-14,True,Distinguishable
50.39999999999854,30.399999999998542,1.8612336088603105,819.209523110917,1.0,1.582145720489723e-14,True,Distinguishable
50.5999999999985,30.599999999998502,1.8682360774586657,770.2081120300932,1.0,1.582145720489723e-14,True,Distinguishable
50.79999999999846,30.799999999998462,1.8773016399869507,792.0581639858443,1.0,1.582145720489723e-14,True,Distinguishable
50.99999999999842,30.999999999998423,1.8941421264157883,766.0465290608834,1.0,1.582145720489723e-14,True,Distinguishable
51.19999999999838,31.199999999998383,1.9010311752394218,828.6468019222838,1.0,1.582145720489723e-14,True,Distinguishable
51.39999999999834,31.399999999998343,1.9086544793429907,1016.5832967202797,1.0,1.582145720489723e-14,True,Distinguishable
51.5999999999983,31.599999999998303,1.9173676489879354,1082.7647839168758,1.0,1.582145720489723e-14,True,Distinguishable
51.79999999999826,31.799999999998263,1.926635562429242,1309.8154738298324,1.0,1.582145720489723e-14,True,Distinguishable
51.999999999998224,31.999999999998224,1.9401138258608366,1335.143916425671,1.0,1.582145720489723e-14,True,Distinguishable
52.199999999998184,32.199999999998184,1.958497711206968,1150.7374915596902,1.0,1.582145720489723e-14,True,Distinguishable
52.399999999998144,32.399999999998144,1.9737735205417082,1148.6222328182862,1.0,1.582145720489723e-14,True,Distinguishable
52.599999999998104,32.599999999998104,1.9840453616547522,1188.8069370055423,1.0,1.582145720489723e-14,True,Distinguishable
52.799999999998064,32.799999999998064,2.002218345524108,1295.4045234589082,1.0,1.582145720489723e-14,True,Distinguishable
52.999999999998025,32.999999999998025,2.0159268319285513,1588.1474123666412,1.0,1.582145720489723e-14,True,Distinguishable
53.199999999997985,33.199999999997985,2.027876493160838,1216.562184691035,1.0,1.582145720489723e-14,True,Distinguishable
53.399999999997945,33.399999999997945,2.038542919818408,1282.571858977614,1.0,1.582145720489723e-14,True,Distinguishable
53.599999999997905,33.599999999997905,2.0549453169136416,1591.843435597747,1.0,1.582145720489723e-14,True,Distinguishable
53.799999999997866,33.799999999997866,2.0700381367804863,1484.7457103277434,1.0,1.582145720489723e-14,True,Distinguishable
53.999999999997826,33.999999999997826,2.0836488668341264,1416.6498720671104,1.0,1.582145720489723e-14,True,Distinguishable
54.199999999997786,34.199999999997786,2.093438129546084,1485.8094102620234,1.0,1.582145720489723e-14,True,Distinguishable
54.399999999997746,34.399999999997746,2.1067603469621474,1408.5423785239368,1.0,1.582145720489723e-14,True,Distinguishable
54.599999999997706,34.599999999997706,2.1239245551576573,1385.7918420712497,1.0,1.582145720489723e-14,True,Distinguishable
54.79999999999767,34.79999999999767,2.1383771551086608,1195.2414173498664,1.0,1.582145720489723e-14,True,Distinguishable
54.99999999999763,34.99999999999763,2.145747652437002,1423.64262930938,1.0,1.582145720489723e-14,True,Distinguishable
55.19999999999759,35.19999999999759,2.155112518314855,1576.372648638298,1.0,1.582145720489723e-14,True,Distinguishable
55.39999999999755,35.39999999999755,2.163254063922103,1422.3280439003802,1.0,1.582145720489723e-14,True,Distinguishable
55.59999999999751,35.59999999999751,2.1774102621250497,1365.9601937317157,1.0,1.582145720489723e-14,True,Distinguishable
55.79999999999747,35.79999999999747,2.1898734811309515,1357.310306069592,1.0,1.582145720489723e-14,True,Distinguishable
55.99999999999743,35.99999999999743,2.2052972954087946,1416.9637266511677,1.0,1.582145720489723e-14,True,Distinguishable
56.19999999999739,36.19999999999739,2.221891290120787,1811.5072086879507,1.0,1.582145720489723e-14,True,Distinguishable
56.39999999999735,36.39999999999735,2.236073583930046,1860.9215483548473,1.0,1.582145720489723e-14,True,Distinguishable
56.59999999999731,36.59999999999731,2.249695253866921,1954.7305516154395,1.0,1.582145720489723e-14,True,Distinguishable
56.79999999999727,36.79999999999727,2.269348351116014,2183.5741328153904,1.0,1.582145720489723e-14,True,Distinguishable
56.99999999999723,36.99999999999723,2.280509894573696,1772.1291494641803,1.0,1.582145720489723e-14,True,Distinguishable
57.19999999999719,37.19999999999719,2.2963398281596787,1750.9927375876287,1.0,1.582145720489723e-14,True,Distinguishable
57.39999999999715,37.39999999999715,2.3157209245166843,1586.4854559953558,1.0,1.582145720489723e-14,True,Distinguishable
57.59999999999711,37.59999999999711,2.3263261069299292,1506.053000314714,1.0,1.582145720489723e-14,True,Distinguishable
57.79999999999707,37.79999999999707,2.3420941566229607,1445.3887789427267,1.0,1.582145720489723e-14,True,Distinguishable
57.99999999999703,37.99999999999703,2.360467438671266,1236.6022372198408,1.0,1.582145720489723e-14,True,Distinguishable
58.19999999999699,38.19999999999699,2.3793931882735158,1064.2730942287885,1.0,1.582145720489723e-14,True,Distinguishable
58.39999999999695,38.39999999999695,2.394101414517857,1234.4382168706125,1.0,1.582145720489723e-14,True,Distinguishable
58.59999999999691,38.59999999999691,2.413981440851766,1431.829175039635,1.0,1.582145720489723e-14,True,Distinguishable
58.79999999999687,38.79999999999687,2.4374484003390235,1398.2995863460312,1.0,1.582145720489723e-14,True,Distinguishable
58.99999999999683,38.99999999999683,2.4526939996272836,1367.647265120533,1.0,1.582145720489723e-14,True,Distinguishable
59.19999999999679,39.19999999999679,2.4748666880200134,1557.3851022561282,1.0,1.582145720489723e-14,True,Distinguishable
59.39999999999675,39.39999999999675,2.4941859176278856,1604.2328069359232,1.0,1.582145720489723e-14,True,Distinguishable
59.59999999999671,39.59999999999671,2.515177790011358,1298.608533826066,1.0,1.582145720489723e-14,True,Distinguishable
59.79999999999667,39.79999999999667,2.529868292881697,1290.5860189058412,1.0,1.582145720489723e-14,True,Distinguishable
59.99999999999663,39.99999999999663,2.5490996848745078,1350.67477293393,1.0,1.582145720489723e-14,True,Distinguishable
60.19999999999659,40.19999999999659,2.5688819981977566,1385.2842163095027,1.0,1.582145720489723e-14,True,Distinguishable
60.39999999999655,40.39999999999655,2.5963245517652926,1363.4038216311644,1.0,1.582145720489723e-14,True,Distinguishable
60.59999999999651,40.59999999999651,2.6138169369810487,1270.0742309232512,1.0,1.582145720489723e-14,True,Distinguishable
60.79999999999647,40.79999999999647,2.62285100693974,1135.1929096021963,1.0,1.582145720489723e-14,True,Distinguishable
60.99999999999643,40.99999999999643,2.638042492449529,1057.2660758884238,1.0,1.582145720489723e-14,True,Distinguishable
61.19999999999639,41.19999999999639,2.6524392268967873,928.1074756652998,1.0,1.582145720489723e-14,True,Distinguishable
61.39999999999635,41.39999999999635,2.6731672273797384,988.8951657470698,1.0,1.582145720489723e-14,True,Distinguishable
61.599999999996314,41.599999999996314,2.692368359869491,1041.8549686774525,1.0,1.582145720489723e-14,True,Distinguishable
61.799999999996274,41.799999999996274,2.7080850232856015,1018.538409078266,1.0,1.582145720489723e-14,True,Distinguishable
61.999999999996234,41.999999999996234,2.7221422929357395,1153.007793954092,1.0,1.582145720489723e-14,True,Distinguishable
62.199999999996194,42.199999999996194,2.7516134617822967,1102.0035955435173,1.0,1.582145720489723e-14,True,Distinguishable
62.399999999996155,42.399999999996155,2.77405254903951,1168.1391883023828,1.0,1.582145720489723e-14,True,Distinguishable
62.599999999996115,42.599999999996115,2.7933076178889524,1024.6342365877601,1.0,1.582145720489723e-14,True,Distinguishable
62.799999999996075,42.799999999996075,2.815873484507477,959.551900531913,1.0,1.582145720489723e-14,True,Distinguishable
62.999999999996035,42.999999999996035,2.8376060028993484,940.8009955708643,1.0,1.582145720489723e-14,True,Distinguishable
63.199999999995995,43.199999999995995,2.8602272571301834,843.2734539934565,1.0,1.582145720489723e-14,True,Distinguishable
63.399999999995956,43.399999999995956,2.878833038736262,790.6089311036241,1.0,1.582145720489723e-14,True,Distinguishable
63.599999999995916,43.599999999995916,2.9049495698479375,836.6087816429911,1.0,1.582145720489723e-14,True,Distinguishable
63.799999999995876,43.799999999995876,2.9301906365730455,876.4478688875953,1.0,1.582145720489723e-14,True,Distinguishable
63.999999999995836,43.999999999995836,2.9547438154919585,820.1500917436127,1.0,1.582145720489723e-14,True,Distinguishable
64.19999999999594,44.19999999999594,2.969158331598962,812.4706009049038,1.0,1.582145720489723e-14,True,Distinguishable
64.39999999999604,44.39999999999604,2.995090119772966,818.2955251629036,1.0,1.582145720489723e-14,True,Distinguishable
64.59999999999614,44.59999999999614,3.0188237383933987,891.498015016912,1.0,1.582145720489723e-14,True,Distinguishable
64.79999999999625,44.799999999996245,3.047101300520098,969.8018278060991,1.0,1.582145720489723e-14,True,Distinguishable
64.99999999999635,44.99999999999635,3.077410774687149,1047.9163693615785,1.0,1.582145720489723e-14,True,Distinguishable
65.19999999999645,45.19999999999645,3.1032052009150095,989.1705232122634,1.0,1.582145720489723e-14,True,Distinguishable
65.39999999999655,45.39999999999655,3.1339477961799327,1041.867370965038,1.0,1.582145720489723e-14,True,Distinguishable
65.59999999999665,45.599999999996655,3.155158511539698,945.6062008482578,1.0,1.582145720489723e-14,True,Distinguishable
65.79999999999676,45.79999999999676,3.1875071418012713,935.5478502212372,1.0,1.582145720489723e-14,True,Distinguishable
65.99999999999686,45.99999999999686,3.2157989127283617,964.4693093981525,1.0,1.582145720489723e-14,True,Distinguishable
66.19999999999696,46.19999999999696,3.25445273694342,1073.5296906796957,1.0,1.582145720489723e-14,True,Distinguishable
66.39999999999706,46.399999999997064,3.283418799919681,1024.6839465661806,1.0,1.582145720489723e-14,True,Distinguishable
66.59999999999717,46.599999999997166,3.3166523626094078,878.6504470863238,1.0,1.582145720489723e-14,True,Distinguishable
66.79999999999727,46.79999999999727,3.349598457836453,929.3197792166682,1.0,1.582145720489723e-14,True,Distinguishable
66.99999999999737,46.99999999999737,3.3861155069698614,833.075805534597,1.0,1.582145720489723e-14,True,Distinguishable
67.19999999999747,47.19999999999747,3.4151107623445727,767.371961628316,1.0,1.582145720489723e-14,True,Distinguishable
67.39999999999758,47.399999999997576,3.4450498068568267,666.7778662388961,1.0,1.582145720489723e-14,True,Distinguishable
67.59999999999768,47.59999999999768,3.4852124603554175,604.0001990733189,1.0,1.582145720489723e-14,True,Distinguishable
67.79999999999778,47.79999999999778,3.5218306972108,570.824916828644,1.0,1.582145720489723e-14,True,Distinguishable
67.99999999999788,47.99999999999788,3.5616369036347795,605.780273021052,1.0,1.582145720489723e-14,True,Distinguishable
68.19999999999798,48.199999999997985,3.5930879969410205,600.5364144959691,1.0,1.582145720489723e-14,True,Distinguishable
68.39999999999809,48.39999999999809,3.6278957607949933,583.2076177093204,1.0,1.582145720489723e-14,True,Distinguishable
68.59999999999819,48.59999999999819,3.666766315697831,598.0978162323431,1.0,1.582145720489723e-14,True,Distinguishable
68.79999999999829,48.79999999999829,3.710731061635317,558.2591204727227,1.0,1.582145720489723e-14,True,Distinguishable
68.9999999999984,48.999999999998394,3.750659196781197,575.7164742736614,1.0,1.582145720489723e-14,True,Distinguishable
69.1999999999985,49.1999999999985,3.7983785359938937,591.5735600502829,1.0,1.582145720489723e-14,True,Distinguishable
69.3999999999986,49.3999999999986,3.8413978844665566,571.7735018796722,1.0,1.582145720489723e-14,True,Distinguishable
69.5999999999987,49.5999999999987,3.8853195885465492,504.73269414315683,1.0,1.582145720489723e-14,True,Distinguishable
69.7999999999988,49.7999999999988,3.9404285951238998,506.22681139572956,1.0,1.582145720489723e-14,True,Distinguishable
69.9999999999989,49.999999999998906,3.98638473584554,485.0696214685301,1.0,1.582145720489723e-14,True,Distinguishable
70.19999999999901,50.19999999999901,4.036138902482812,457.91232920361347,1.0,1.582145720489723e-14,True,Distinguishable
70.39999999999911,50.39999999999911,4.100420482138492,460.1311745244648,1.0,1.582145720489723e-14,True,Distinguishable
70.59999999999921,50.59999999999921,4.162550120977633,451.84996514005064,1.0,1.582145720489723e-14,True,Distinguishable
70.79999999999932,50.799999999999315,4.221318060834493,449.90508373757143,1.0,1.582145720489723e-14,True,Distinguishable
70.99999999999942,50.99999999999942,4.28390488258499,406.5374330795789,1.0,1.582145720489723e-14,True,Distinguishable
71.19999999999952,51.19999999999952,4.3501890020423675,397.0738171834627,1.0,1.582145720489723e-14,True,Distinguishable
71.39999999999962,51.39999999999962,4.417695663936982,363.7676998683716,1.0,1.582145720489723e-14,True,Distinguishable
71.59999999999972,51.599999999999724,4.484684793906744,343.2795414290564,1.0,1.582145720489723e-14,True,Distinguishable
71.79999999999983,51.79999999999983,4.559965893503408,344.9737565189842,1.0,1.582145720489723e-14,True,Distinguishable
71.99999999999993,51.99999999999993,4.638216962715601,324.8490571539098,1.0,1.582145720489723e-14,True,Distinguishable
72.20000000000003,52.20000000000003,4.721090519981991,311.5753597282044,1.0,1.582145720489723e-14,True,Distinguishable
72.40000000000013,52.400000000000134,4.798284383690993,295.38230444401677,1.0,1.582145720489723e-14,True,Distinguishable
72.60000000000024,52.600000000000236,4.882775645035692,269.656094229169,1.0,1.582145720489723e-14,True,Distinguishable
72.80000000000034,52.80000000000034,4.972570296723118,250.350886031713,1.0,1.582145720489723e-14,True,Distinguishable
73.00000000000044,53.00000000000044,5.068495555672993,229.31718136059845,1.0,1.582145720489723e-14,True,Distinguishable
73.20000000000054,53.20000000000054,5.174115305198852,221.20507354629922,1.0,1.582145720489723e-14,True,Distinguishable
