Mu,Eigenvalue_Lambda,Window_W,Var_Theoretical,Var_MC_Truth,Var_Empirical_Mean,AR1_Theoretical,AR1_MC_Truth,AR1_Expected_Biased,AR1_Empirical_Mean,AR1_Bias_Observed,Theoretical_Bias_Match
1.5,-0.6446626514302511,30,0.0019389986332025676,0.0019204031208247547,0.00048536254670770665,0.9682808179666972,0.967914311450624,0.8381194028366941,0.7507645995631907,-0.21751621840350643,True
1.5,-0.6446626514302511,50,0.0019389986332025676,0.0019204031208247547,0.0007025026988366308,0.9682808179666972,0.967914311450624,0.8901839688886953,0.8384109112230189,-0.12986990674367827,True
1.5,-0.6446626514302511,100,0.0019389986332025676,0.0019204031208247547,0.0010877128822509197,0.9682808179666972,0.967914311450624,0.9292323934276963,0.9036958680562165,-0.0645849499104807,True
1.8,-0.54793398964942,30,0.0022812966956106836,0.002272319071801198,0.0004998790410721918,0.9729751862026027,0.9728280877647473,0.8423443342490091,0.7528650667458943,-0.22011011945670844,True
1.8,-0.54793398964942,50,0.0022812966956106836,0.002272319071801198,0.0007301058670357343,0.9729751862026027,0.9728280877647473,0.8945966750304466,0.8411320621156292,-0.13184312408697352,True
1.8,-0.54793398964942,100,0.0022812966956106836,0.002272319071801198,0.0011728322268561265,0.9729751862026027,0.9728280877647473,0.9337859306165246,0.9070729265721145,-0.06590225963048824,True
2.1,-0.43121386609713297,30,0.002898793610960627,0.0029185326815807065,0.0005193331613569122,0.9786700769452247,0.9787875985744058,0.8474697359173688,0.7551082750996523,-0.2235618018455724,True
2.1,-0.43121386609713297,50,0.002898793610960627,0.0029185326815807065,0.0007659807258356959,0.9786700769452247,0.9787875985744058,0.8999498723285112,0.8447073822687036,-0.1339626946765211,True
2.1,-0.43121386609713297,100,0.002898793610960627,0.0029185326815807065,0.0012904121464154931,0.9786700769452247,0.9787875985744058,0.9393099746368679,0.9108277426523671,-0.06784233429285758,True
2.4,-0.2712831371471544,30,0.004607732029145446,0.004773042420325598,0.0005522368148323725,0.9865274217882861,0.9869700500632527,0.8545413462761242,0.7584847039505693,-0.2280427178377168,True
2.4,-0.2712831371471544,50,0.004607732029145446,0.004773042420325598,0.0008226633617650869,0.9865274217882861,0.9869700500632527,0.907335776480989,0.8504194755265039,-0.13610794626178224,True
2.4,-0.2712831371471544,100,0.004607732029145446,0.004773042420325598,0.0014821631567166393,0.9865274217882861,0.9869700500632527,0.9469315991346375,0.9154592878355389,-0.07106813395274725,True
2.55,-0.13789504535881233,30,0.009064865215043912,0.010105450779929049,0.0005901683771126736,0.9931289620038345,0.9938144312854492,0.8604827324701176,0.7635705707320573,-0.22955839127177724,True
2.55,-0.13789504535881233,50,0.009064865215043912,0.010105450779929049,0.0008843874556819539,0.9931289620038345,0.9938144312854492,0.9135412242836044,0.8547768422697306,-0.13835211973410388,True
2.55,-0.13789504535881233,100,0.009064865215043912,0.010105450779929049,0.0016767483359377284,0.9931289620038345,0.9938144312854492,0.9533350931437194,0.9218003270560251,-0.07132863494780939,True
