Sigma_Obs,Dt_Obs,Sampling_Freq,Ramp_Rate_Multiplier,ROC_AUC,Is_Detectable,Regime
0.0,0.02,50.0,1.0,0.9908900188323917,True,Detectable
0.0,0.05,20.0,1.0,0.9903469316596932,True,Detectable
0.0,0.1,10.0,1.0,0.9898557663354411,True,Detectable
0.0,0.25,4.0,1.0,0.9885681319949234,True,Detectable
0.0,0.5,2.0,1.0,0.9993177750240947,True,Detectable
0.05,0.02,50.0,1.0,0.9747928436911488,True,Detectable
0.05,0.05,20.0,1.0,0.9712545327754531,True,Detectable
0.05,0.1,10.0,1.0,0.9413622402890696,True,Detectable
0.05,0.25,4.0,1.0,0.9163789373485636,True,Detectable
0.05,0.5,2.0,1.0,0.9941029877461104,True,Detectable
0.1,0.02,50.0,1.0,0.9082030131826742,True,Detectable
0.1,0.05,20.0,1.0,0.8689881450488145,True,Detectable
0.1,0.1,10.0,1.0,0.838214694369166,True,Detectable
0.1,0.25,4.0,1.0,0.7587748067382023,True,Detectable
0.1,0.5,2.0,1.0,0.9011734131901418,True,Detectable
0.2,0.02,50.0,1.0,0.7735295668549906,True,Detectable
0.2,0.05,20.0,1.0,0.7154330543933055,False,Undetectable/Noise-Dominated
0.2,0.1,10.0,1.0,0.6703658536585366,False,Undetectable/Noise-Dominated
0.2,0.25,4.0,1.0,0.6578879658474674,False,Undetectable/Noise-Dominated
0.2,0.5,2.0,1.0,0.7117675203084125,False,Undetectable/Noise-Dominated
0.4,0.02,50.0,1.0,0.6042516007532956,False,Undetectable/Noise-Dominated
0.4,0.05,20.0,1.0,0.6008256624825663,False,Undetectable/Noise-Dominated
0.4,0.1,10.0,1.0,0.6064320987654321,False,Undetectable/Noise-Dominated
0.4,0.25,4.0,1.0,0.563173531787239,False,Undetectable/Noise-Dominated
0.4,0.5,2.0,1.0,0.6414222772958833,False,Undetectable/Noise-Dominated
0.8,0.02,50.0,1.0,0.5563713747645951,False,Undetectable/Noise-Dominated
0.8,0.05,20.0,1.0,0.5748486750348676,False,Undetectable/Noise-Dominated
0.8,0.1,10.0,1.0,0.5189482083709727,False,Undetectable/Noise-Dominated
0.8,0.25,4.0,1.0,0.501399850005769,False,Undetectable/Noise-Dominated
0.8,0.5,2.0,1.0,0.590963444857497,False,Undetectable/Noise-Dominated
