Age_yr_BP,delta18O_permil,Event
13500,-37.752,Allerod
13480,-38.079,Allerod
13460,-37.696,Allerod
13440,-37.268,Allerod
13420,-38.157,Allerod
13400,-38.167,Allerod
13380,-37.27,Allerod
13360,-37.686,Allerod
13340,-38.315,Allerod
13320,-37.819,Allerod
13300,-38.332,Allerod
13280,-38.343,Allerod
13260,-37.999,Allerod
13240,-39.087,Allerod
13220,-39.002,Allerod
13200,-38.431,Allerod
13180,-38.666,Allerod
13160,-38.013,Allerod
13140,-38.634,Allerod
13120,-38.896,Allerod
13100,-37.467,Allerod
13080,-38.323,Allerod
13060,-38.186,Allerod
13040,-38.942,Allerod
13020,-38.512,Allerod
13000,-38.195,Allerod
12980,-38.835,Allerod
12960,-38.082,Allerod
12940,-38.58,Allerod
12920,-38.436,Allerod
12900,-42.131,Younger_Dryas
12880,-40.585,Younger_Dryas
12860,-41.455,Younger_Dryas
12840,-41.915,Younger_Dryas
12820,-40.758,Younger_Dryas
12800,-41.907,Younger_Dryas
12780,-41.107,Younger_Dryas
12760,-42.472,Younger_Dryas
12740,-42.24,Younger_Dryas
12720,-41.496,Younger_Dryas
12700,-41.351,Younger_Dryas
12680,-41.88,Younger_Dryas
12660,-42.224,Younger_Dryas
12640,-42.474,Younger_Dryas
12620,-43.305,Younger_Dryas
12600,-42.859,Younger_Dryas
12580,-42.667,Younger_Dryas
12560,-41.599,Younger_Dryas
12540,-41.928,Younger_Dryas
12520,-43.15,Younger_Dryas
12500,-41.584,Younger_Dryas
12480,-41.874,Younger_Dryas
12460,-41.907,Younger_Dryas
12440,-40.896,Younger_Dryas
12420,-40.518,Younger_Dryas
12400,-40.552,Younger_Dryas
12380,-41.818,Younger_Dryas
12360,-41.533,Younger_Dryas
12340,-41.211,Younger_Dryas
12320,-40.913,Younger_Dryas
12300,-42.147,Younger_Dryas
12280,-42.121,Younger_Dryas
12260,-42.968,Younger_Dryas
12240,-43.174,Younger_Dryas
12220,-41.763,Younger_Dryas
12200,-41.377,Younger_Dryas
12180,-42.425,Younger_Dryas
12160,-41.517,Younger_Dryas
12140,-41.874,Younger_Dryas
12120,-42.487,Younger_Dryas
12100,-41.517,Younger_Dryas
12080,-40.401,Younger_Dryas
12060,-41.476,Younger_Dryas
12040,-40.062,Younger_Dryas
12020,-43.343,Younger_Dryas
12000,-40.532,Younger_Dryas
11980,-41.158,Younger_Dryas
11960,-41.561,Younger_Dryas
11940,-41.371,Younger_Dryas
11920,-43.276,Younger_Dryas
11900,-41.985,Younger_Dryas
11880,-41.683,Younger_Dryas
11860,-40.892,Younger_Dryas
11840,-42.731,Younger_Dryas
11820,-43.07,Younger_Dryas
11800,-42.837,Younger_Dryas
11780,-41.568,Younger_Dryas
11760,-41.995,Younger_Dryas
11740,-42.623,Younger_Dryas
11720,-41.526,Younger_Dryas
11700,-41.713,Younger_Dryas
11680,-39.053,Early_Holocene
11660,-37.626,Early_Holocene
11640,-35.176,Early_Holocene
11620,-35.212,Early_Holocene
11600,-35.752,Early_Holocene
11580,-34.876,Early_Holocene
11560,-34.897,Early_Holocene
11540,-35.029,Early_Holocene
11520,-35.153,Early_Holocene
11500,-35.748,Early_Holocene
11480,-35.254,Early_Holocene
11460,-35.219,Early_Holocene
11440,-35.453,Early_Holocene
11420,-35.137,Early_Holocene
11400,-34.858,Early_Holocene
11380,-34.121,Early_Holocene
11360,-34.981,Early_Holocene
11340,-34.943,Early_Holocene
11320,-35.113,Early_Holocene
11300,-36.039,Early_Holocene
11280,-35.097,Early_Holocene
11260,-35.058,Early_Holocene
11240,-33.86,Early_Holocene
11220,-35.192,Early_Holocene
11200,-34.949,Early_Holocene
11180,-35.121,Early_Holocene
11160,-35.692,Early_Holocene
11140,-34.541,Early_Holocene
11120,-34.74,Early_Holocene
11100,-34.724,Early_Holocene
11080,-35.579,Early_Holocene
11060,-34.427,Early_Holocene
11040,-35.833,Early_Holocene
11020,-34.843,Early_Holocene
